UWI,MEDIAN_WFMP Upper A - ARITH_MEAN_DPHI_100,MEDIAN_WFMP Upper A - ARITH_MEAN_Resistivity_ALS,MEDIAN_WFMP Upper A - GROSS,MEDIAN_WFMP Upper A - NET_DPHI>8,MEDIAN_WFMP Upper A - NET_GR>75_DPHI>8,MEDIAN_WFMP Upper A - NET_Res>30,MEDIAN_WFMP_UA_MRKR_SSTVD,VARIANCE_WFMP Upper A - ARITH_MEAN_DPHI_100,VARIANCE_WFMP Upper A - ARITH_MEAN_Resistivity_ALS,VARIANCE_WFMP Upper A - GROSS,VARIANCE_WFMP Upper A - NET_DPHI>8,VARIANCE_WFMP Upper A - NET_GR>75_DPHI>8,VARIANCE_WFMP Upper A - NET_Res>30,VARIANCE_WFMP_UA_MRKR_SSTVD
42109326190000,5.82,115.92,105.07,53.72,,95.25,-5566.93,0.02,16.45,2.42,0.05,,2.8,10.51
42109326530000,7.77,63.18,84.56,52.09,,67.85,-5467.08,0.05,15.29,0.09,0.86,,2.03,64.85
42109326540000,9.32,48.76,141.75,94.76,86.25,100.22,-6154.35,0.01,0.1,2.83,2.91,1.37,13.71,17.92
42109328220000,8.08,145.63,129.67,78.99,59.0,130.17,-6014.65,0.01,40.64,7.21,3.41,0.0,13.59,1308.8
42109328300000,7.27,86.09,99.33,58.19,,86.12,-5621.27,0.04,29.41,1.59,0.07,,4.92,48.23
42109328350000,14.44,,36.43,26.23,,,-3949.97,0.01,,0.4,0.09,,,15.06
42109328360000,,,37.46,,,,-3749.36,,,0.11,,,,16.1
42109328590100,6.47,139.17,123.73,60.98,,112.93,-5707.24,0.0,9.27,1.2,1.62,,4.72,427.08
42109328630000,7.17,126.49,123.0,64.64,,110.74,-5760.56,0.0,23.21,3.79,3.7,,14.09,538.74
42109328700000,8.88,40.39,71.79,49.91,,50.09,-5285.56,0.07,7.68,9.39,8.04,,0.83,124.76
42109328720000,7.68,61.8,80.61,49.54,,64.5,-5430.44,0.07,15.17,0.08,0.99,,1.95,49.02
42109328750000,7.69,57.38,74.33,46.03,,58.23,-5359.96,0.08,13.32,0.04,1.41,,1.45,19.45
42109328810100,7.61,68.84,90.79,27.44,,70.71,-5288.35,0.0,0.13,0.02,0.26,,0.03,185.82
42109328920000,7.75,58.58,77.21,47.93,,60.86,-5393.39,0.07,12.89,0.03,1.2,,1.47,25.98
42109329690000,11.37,29.72,68.25,54.67,,40.53,-4699.53,0.37,0.12,22.08,14.6,,14.43,1323.41
42109329840000,8.51,,75.83,20.67,,,-4408.19,0.01,,0.43,0.02,,,1256.74
42109330290100,10.25,,46.47,22.81,,,-4170.48,0.0,,2.95,0.0,,,12.05
42109330380000,7.74,42.6,53.05,32.76,,35.82,-4875.79,0.14,6.92,0.16,5.07,,0.26,84.23
42109330400000,7.7,43.54,53.79,33.15,,36.91,-4913.44,0.16,8.04,0.11,4.72,,0.41,79.27
42109330420000,7.67,44.35,54.69,33.64,,37.95,-4950.45,0.17,8.99,0.05,4.32,,0.56,76.26
42109330470000,8.25,77.17,113.1,70.94,,96.33,-5803.97,0.02,49.2,0.66,0.05,,6.8,147.79
42109330600000,9.44,48.04,141.59,94.83,86.01,92.43,-6117.25,0.02,0.99,6.77,7.19,0.84,31.0,263.94
42109330930000,5.65,61.12,59.23,30.43,,46.64,-5045.76,0.27,12.69,0.73,0.45,,2.37,5.01
42109331200000,9.33,47.29,130.5,86.42,,86.44,-5949.69,0.01,3.75,3.21,2.72,,8.36,437.62
42109331380000,2.69,81.45,64.56,25.38,,53.86,-4855.48,0.12,0.68,2.76,0.0,,0.9,85.14
42109332180000,3.6,51.12,37.91,22.42,,30.16,-4416.16,0.25,6.5,4.2,0.03,,4.11,40.35
42109332390000,8.8,42.8,76.79,52.29,,54.64,-5348.76,0.06,9.04,7.23,6.31,,0.26,80.96
42109332980000,5.97,134.88,119.08,56.01,,106.92,-5621.39,0.0,6.6,0.86,1.75,,4.05,457.28
42109333070000,6.44,99.82,100.24,39.25,,80.08,-5442.07,0.02,16.72,5.62,3.94,,6.69,503.02
42109333260000,10.41,30.36,67.72,53.21,,41.35,-4833.76,0.3,0.26,26.8,15.59,,15.03,1063.43
42109333280000,10.65,30.15,67.96,53.72,,41.09,-4789.92,0.35,0.21,25.38,15.18,,14.98,1170.82
42109333700000,9.08,59.68,130.61,87.25,71.73,112.0,-6221.28,0.01,5.15,0.14,2.16,0.44,0.07,5.05
42109333710000,9.07,62.53,130.3,87.14,70.92,112.1,-6185.69,0.01,6.14,0.13,1.61,0.55,0.0,0.41
42109333790000,7.62,84.68,104.23,62.58,,90.09,-5680.96,0.05,50.71,2.14,0.08,,8.04,139.39
42109333800000,7.79,85.28,107.79,65.45,,93.38,-5723.78,0.04,53.6,2.01,0.04,,8.23,114.02
42109334420000,6.55,100.38,101.15,40.6,,81.01,-5496.48,0.02,24.55,9.31,6.03,,10.6,405.15
42109334570000,8.63,35.56,53.1,36.36,,31.47,-4681.93,0.13,5.31,4.82,21.56,,0.75,492.17
42109334660000,3.35,96.64,80.42,30.4,,67.23,-5047.31,0.04,0.11,0.45,0.05,,0.01,181.19
42109334670000,3.49,101.04,84.54,32.47,,71.2,-5113.48,0.02,0.08,0.2,0.04,,0.0,106.3
42109334780000,8.83,59.01,124.1,80.17,72.16,101.41,-5943.4,0.0,3.29,0.24,0.16,0.44,0.77,0.03
42109334790000,8.81,59.78,122.17,78.96,71.5,99.22,-5909.2,0.0,3.95,0.22,0.19,0.4,0.96,4.77
42109335160000,8.32,66.63,105.44,66.6,,85.66,-5665.08,0.01,6.93,0.01,0.2,,1.19,99.15
42109335590000,8.76,48.22,92.32,60.98,,66.89,-5499.72,0.03,10.8,3.52,3.22,,0.43,103.43
42109335960000,7.57,105.77,116.07,68.87,,104.53,-5771.05,0.01,17.31,1.16,0.01,,2.68,6.74
42301316250000,9.6,57.8,133.22,103.01,108.86,128.76,-8086.81,0.0,0.12,0.4,0.04,0.76,0.01,1.09
42301318640000,4.55,66.5,108.65,28.07,101.05,104.26,-8239.13,0.06,2.42,0.09,4.09,0.19,0.04,178.65
42301319110000,4.88,60.59,104.63,38.1,96.66,104.36,-8046.3,0.14,0.0,0.08,14.27,0.2,0.03,120.29
42301319680000,5.73,60.71,104.41,38.8,92.91,100.95,-8268.73,0.04,1.34,0.16,0.03,0.51,0.0,368.69
42301320460000,7.1,81.82,109.5,53.56,,101.38,-8276.73,0.05,7.43,1.98,10.77,,0.1,345.54
42301320500000,6.6,79.57,109.2,48.68,,102.11,-8287.1,0.07,5.91,0.62,11.08,,0.05,350.88
42301323350100,5.73,62.07,99.14,32.57,98.65,103.88,-8398.24,0.19,0.38,2.79,6.62,0.0,0.06,333.76
42301326520000,10.36,59.09,103.84,95.86,107.59,115.63,-8348.0,0.0,0.08,0.23,0.23,0.56,0.0,216.46
42301326540000,11.63,68.02,97.72,100.18,107.45,108.97,-8203.22,0.0,23.82,2.88,2.64,2.52,2.77,1490.85
42301326970000,9.61,56.44,126.54,100.08,108.74,125.71,-8181.54,0.0,0.17,1.21,0.06,2.19,0.03,9.59
42301326980000,9.6,56.74,127.86,100.6,108.59,126.36,-8162.42,0.0,0.19,1.16,0.08,2.18,0.03,10.4
42301328500000,11.29,65.13,98.77,98.92,107.36,110.56,-8226.95,0.0,13.77,1.67,1.66,2.24,1.94,1075.28
42301330230000,13.19,66.65,99.77,109.6,105.14,107.16,-8100.43,0.01,33.02,7.59,0.6,1.47,3.48,1123.88
42301330250000,13.88,69.59,99.46,113.08,104.97,105.34,-8100.96,0.01,26.31,6.47,2.23,0.96,2.77,854.18
42301335310100,9.72,61.6,141.08,108.69,108.4,134.03,-7900.08,0.0,0.72,0.97,0.11,1.75,0.0,95.58
42301338300000,1.71,62.41,105.4,10.12,96.29,103.61,-8121.18,0.17,0.12,0.29,8.62,1.46,0.49,1715.08
42301340760000,11.94,82.31,93.49,98.56,110.03,103.48,-8251.23,0.03,22.78,1.24,5.58,1.4,2.24,1007.75
42301341540000,9.85,98.79,86.0,77.28,,94.95,-8236.6,0.0,17.21,1.73,1.7,,1.27,112.35
42301342290000,8.42,59.66,104.89,69.5,97.9,105.4,-8045.17,0.51,0.18,0.37,70.31,0.9,0.0,48.93
42301342830000,9.59,59.02,126.99,100.38,102.35,128.4,-8097.73,0.0,0.18,0.38,0.18,2.78,0.05,171.61
42301342840000,9.59,59.59,128.19,100.86,102.24,128.97,-8080.77,0.0,0.24,0.38,0.21,2.85,0.05,163.17
42301346000000,9.59,62.08,131.59,102.26,100.68,131.12,-8011.48,0.0,0.22,0.09,0.13,1.2,0.02,83.83
42301346100000,9.59,60.98,129.83,101.46,101.0,130.14,-8041.89,0.0,0.18,0.09,0.12,1.32,0.03,95.11
42301347790000,9.65,56.45,119.3,97.6,98.76,125.69,-8126.54,0.0,0.49,3.57,0.0,2.2,1.01,1063.43
42301349820000,9.81,56.0,114.16,95.76,110.59,119.42,-8341.14,0.01,0.19,3.18,0.04,3.7,0.04,86.55
42301354340000,9.59,57.72,121.82,97.8,97.9,126.91,-8097.63,0.01,1.4,4.84,0.01,2.85,1.42,1364.8
42389327300100,9.83,134.29,122.72,83.16,72.99,120.18,-7522.52,0.02,10.9,0.39,0.03,0.68,1.31,18.27
42389332570000,11.25,91.61,79.11,69.16,63.79,75.72,-8094.24,0.01,2.28,0.01,0.21,0.26,0.71,2.59
42389333000000,10.22,91.63,80.72,67.18,,83.4,-8046.74,0.01,0.37,0.01,0.21,,0.24,64.77
42389334110000,10.34,86.44,89.8,65.27,66.59,82.59,-8001.95,0.0,16.19,0.05,0.42,0.2,0.05,103.21
42389334400200,3.96,178.34,97.6,20.8,10.07,92.71,-7370.12,0.11,2.0,3.98,8.92,1.6,1.61,239.79
42389334660000,9.81,131.11,82.26,68.16,47.79,93.42,-7564.81,0.17,9.66,1.35,9.3,2.32,1.22,22.41
42389334900000,10.84,140.65,88.14,72.56,55.59,87.22,-7572.91,0.02,2.91,0.12,2.35,0.97,0.7,2.64
42389335610000,10.89,94.29,78.46,67.28,62.42,76.21,-8093.62,0.01,1.64,0.37,0.13,0.25,0.56,8.45
42389336170100,9.63,112.14,95.5,72.31,66.36,90.48,-6778.81,0.0,0.58,0.06,0.0,0.0,0.08,87.31
42389336260000,11.29,67.96,103.53,74.03,,55.6,-8050.57,0.0,5.22,0.21,1.84,,0.25,65.02
42389336590000,10.72,111.66,77.12,60.89,57.34,78.05,-8049.72,0.01,3.03,1.35,0.06,1.18,0.0,5.89
42389336820000,10.54,102.4,78.71,68.63,65.1,81.09,-8081.54,0.0,2.91,2.71,0.73,0.56,2.17,1.51
42389337260000,9.29,131.07,84.35,59.79,60.88,77.65,-7495.28,0.01,0.73,0.72,0.26,0.18,1.6,140.4
42389337300000,10.2,84.52,88.3,63.15,66.16,81.45,-8009.55,0.0,19.85,0.32,0.08,0.17,0.12,111.58
42389337630000,10.45,68.52,95.63,75.18,70.43,91.66,-6813.71,0.0,10.86,0.36,0.05,0.11,0.0,19.81
42389337640000,10.42,103.46,101.91,75.6,70.31,92.11,-7284.08,0.0,0.04,6.0,0.02,0.18,3.52,2.21
42389337850000,11.14,97.51,83.21,72.97,,87.09,-8041.86,0.02,2.78,0.11,0.64,,1.14,270.43
42389337880000,8.78,153.21,86.63,54.43,59.66,73.6,-7430.28,0.01,3.41,0.05,0.34,1.75,3.77,118.43
42389337890000,9.16,137.14,85.02,58.64,60.55,76.17,-7482.46,0.0,1.27,0.2,0.02,0.35,2.02,144.71
42389338320000,9.02,62.74,141.57,104.48,88.48,137.79,-6835.01,0.0,0.83,1.1,2.21,3.59,0.01,469.17
42389338690000,11.51,90.03,99.6,78.71,,67.26,-8116.72,0.0,1.3,0.3,0.24,,0.9,509.06
42389338700000,10.57,97.0,77.15,66.24,62.01,77.07,-8089.16,0.01,1.75,1.19,0.1,0.5,0.6,16.85
42389339130000,9.89,128.07,116.14,78.69,72.86,114.01,-7432.64,0.04,13.34,0.28,0.06,0.34,3.22,132.66
42389339220000,9.62,163.01,75.52,58.65,54.57,78.58,-6959.42,0.07,11.27,2.11,5.19,0.1,2.65,688.32
42389339450000,10.06,110.67,77.85,65.29,61.99,82.46,-8057.03,0.01,2.65,0.04,1.02,0.96,1.72,6.71
42389339520000,9.56,92.65,101.29,82.7,84.01,100.43,-6645.46,0.0,51.08,1.45,5.52,9.47,4.75,80.74
42389339910000,10.41,107.88,74.12,65.82,63.94,81.32,-7050.25,0.12,0.9,0.14,0.06,0.18,1.46,496.26
42389339940000,10.02,102.47,95.13,73.24,67.45,90.66,-6708.83,0.01,11.88,0.07,0.01,0.01,0.0,148.38
42389340100000,10.5,113.47,90.54,66.16,63.87,88.89,-7760.69,0.02,6.99,0.01,0.24,0.0,0.04,97.04
42389340280000,10.12,77.19,136.92,110.21,96.36,135.79,-7543.15,0.0,0.47,0.19,0.34,0.92,0.01,248.89
42389340287000,10.12,77.15,136.98,110.36,96.55,135.8,-7543.67,0.0,0.46,0.18,0.28,0.83,0.01,286.4
42389340290000,12.03,100.69,85.79,75.71,,89.2,-8037.74,0.07,3.04,0.1,0.56,,1.57,212.52
42389340330000,10.84,91.95,86.12,66.88,63.9,77.55,-8095.16,0.01,9.31,1.58,8.94,0.01,1.15,10.17
42389340540000,10.13,87.36,83.94,61.95,,80.85,-8022.56,0.01,5.63,0.92,0.01,,0.08,68.15
42389340570000,9.77,121.48,114.98,76.88,73.15,112.49,-7406.25,0.03,9.05,0.26,0.06,0.34,4.0,177.91
42389340670000,9.79,91.59,77.09,53.29,63.65,80.49,-8074.69,0.01,0.28,0.02,2.23,0.11,0.02,34.8
42389340680000,9.84,93.03,77.03,54.21,63.39,80.19,-8071.69,0.01,0.17,0.05,2.18,0.14,0.03,48.88
42389340820100,12.43,113.12,95.06,86.83,,100.19,-7996.39,0.08,2.26,4.03,1.56,,2.47,80.36
42389340830000,11.18,106.53,84.75,70.48,71.39,82.11,-7940.01,0.0,33.71,0.56,0.62,0.0,0.22,6.27
42389340910000,12.57,111.34,94.9,86.43,,100.03,-7992.99,0.05,3.04,1.71,1.95,,2.92,53.44
42389340960000,9.25,103.78,122.48,94.04,91.85,127.5,-7682.76,0.0,3.22,1.84,0.85,1.19,0.06,64.93
42389341070000,10.28,123.4,110.71,76.95,71.64,103.85,-7342.24,0.04,9.59,3.35,0.18,0.17,5.03,145.51
42389341200000,9.23,103.63,122.75,93.8,92.04,128.01,-7672.47,0.0,2.94,1.85,0.83,1.24,0.06,79.98
42389341220000,9.2,103.34,122.53,93.32,91.59,128.42,-7660.46,0.0,2.36,1.6,0.74,0.98,0.06,74.34
42389341240000,10.05,111.29,79.19,64.44,60.13,81.49,-8052.04,0.01,2.45,0.61,0.78,1.04,1.2,20.9
42389341440000,9.78,85.81,101.29,68.43,59.49,94.63,-6404.8,0.01,0.08,0.59,0.51,0.03,1.43,58.39
42389341447100,9.78,85.82,101.33,68.48,59.5,94.71,-6405.12,0.01,0.07,0.6,0.52,0.04,1.48,59.4
42389341700100,9.77,62.42,143.9,115.5,110.87,140.84,-7547.8,0.0,0.59,0.0,0.0,0.35,0.08,207.37
42389341760000,11.09,95.03,97.15,76.01,,73.58,-8084.13,0.09,1.31,0.07,8.7,,0.33,70.35
42389341810000,11.12,122.61,89.35,72.91,64.87,89.91,-7750.71,0.01,7.14,1.42,0.76,0.0,0.17,123.53
42389341850000,11.88,88.3,86.85,72.84,,84.68,-8013.17,0.0,50.13,17.8,10.91,,15.77,25.71
42389341870000,10.03,116.47,90.39,62.06,62.13,79.96,-7638.34,0.05,18.78,0.91,3.4,0.9,0.71,1.89
42389341900000,9.53,65.0,91.88,62.6,67.89,85.52,-7920.2,0.03,0.26,0.39,0.36,0.0,1.89,62.0
42389342070000,9.79,86.64,101.25,72.69,,94.62,-7836.26,0.05,0.48,5.76,14.64,,0.34,1418.71
42389342140000,7.94,44.34,92.88,39.8,26.85,92.58,-6847.23,0.18,21.07,0.92,20.03,1.86,0.26,1067.53
42389342290000,9.91,95.08,79.54,55.54,61.9,78.36,-8098.62,0.13,2.39,2.23,12.36,0.06,1.43,84.85
42389342430000,10.06,107.83,76.37,65.69,63.17,82.17,-8066.89,0.03,3.38,0.33,1.81,0.76,2.13,5.48
42389342490000,10.29,105.01,76.91,67.17,64.19,81.64,-8074.51,0.01,3.23,3.07,1.3,0.72,2.3,4.11
42389342510000,10.26,120.14,110.16,76.52,71.57,102.58,-7331.76,0.02,5.26,3.05,0.12,0.13,4.01,90.76
42389342520000,10.2,116.39,110.11,76.04,71.61,101.9,-7324.17,0.02,2.8,3.28,0.1,0.13,4.4,86.25
42389342640000,10.56,91.35,89.09,64.62,,78.32,-8094.35,0.07,7.21,0.85,17.91,,0.37,13.52
42389342800000,10.47,91.7,92.1,64.97,,77.72,-8091.76,0.26,7.49,0.54,44.24,,0.85,22.36
42389342910000,10.06,107.26,81.87,62.32,55.21,78.56,-8063.36,0.01,0.66,0.29,0.02,0.98,0.14,5.12
42389342920000,9.7,116.98,114.59,75.96,73.21,111.54,-7391.67,0.03,6.7,0.29,0.09,0.36,4.62,192.29
42389342930000,9.72,118.96,114.75,76.36,73.21,112.03,-7399.28,0.03,7.84,0.27,0.07,0.38,4.67,197.26
42389342940000,8.74,93.3,92.99,60.12,57.88,89.61,-6136.94,0.0,0.79,3.93,3.98,3.35,3.71,21.68
42389343000000,10.24,114.51,83.54,65.22,58.03,87.7,-7928.96,0.01,0.46,14.98,1.61,0.34,0.41,104.5
42389343130000,9.23,115.0,114.63,78.48,76.06,120.63,-7468.14,0.02,12.94,2.7,0.05,1.47,2.97,51.91
42389343260000,8.72,131.5,84.23,58.57,61.29,66.25,-7582.06,0.0,7.6,2.13,0.49,0.04,2.43,99.26
42389343380000,11.42,125.29,77.12,66.09,59.21,77.03,-7928.68,0.0,10.86,1.35,0.47,0.29,0.09,17.44
42389343670000,9.61,86.68,79.2,50.88,64.55,81.95,-8087.61,0.07,0.14,0.82,7.74,0.17,0.02,0.58
42389343820000,10.89,132.68,76.63,67.84,62.34,85.61,-7955.06,0.0,1.17,0.24,0.25,1.46,2.96,4.18
42389343950000,10.14,106.21,78.58,59.22,58.73,77.38,-8084.0,0.01,9.19,1.3,2.65,0.77,0.13,9.38
42389344070000,9.96,105.2,80.22,62.63,57.85,78.53,-8073.71,0.01,1.08,0.78,0.03,1.31,0.38,10.32
42389344120000,9.53,106.95,98.24,69.43,62.95,92.68,-6918.65,0.0,2.6,0.62,0.38,0.91,0.37,176.94
42389344160100,8.82,84.31,136.37,92.59,82.21,135.26,-7828.24,0.0,2.16,0.01,0.14,0.18,0.01,71.99
42389344240000,11.01,62.46,86.52,63.88,,67.89,-8032.61,0.05,27.52,6.6,1.91,,17.86,7.74
42389344320000,9.24,72.44,86.68,59.06,,85.01,-7961.8,0.03,0.17,0.2,0.48,,2.03,104.62
42389344350000,8.69,85.5,85.27,42.42,,83.02,-8091.93,0.11,0.32,2.39,14.21,,1.22,0.29
42389344430000,9.66,85.91,79.93,51.81,64.8,82.19,-8091.76,0.13,0.25,1.61,14.38,0.11,0.09,2.76
42389344480100,9.17,67.19,137.69,100.49,83.77,137.45,-6814.94,0.0,1.1,0.02,0.4,0.46,0.05,7.85
42389344680000,10.69,88.06,78.62,63.62,,81.59,-8079.15,0.03,0.17,0.04,4.63,,0.01,122.28
42389344800000,8.52,159.35,69.42,43.73,54.72,61.18,-7363.23,0.0,0.97,0.07,5.33,0.01,0.06,529.63
42389344830000,10.68,77.53,82.53,66.73,61.63,80.64,-7814.75,0.02,10.7,0.17,1.15,1.85,0.02,328.93
42389344880000,11.42,97.67,94.96,78.27,,77.17,-8140.04,0.0,0.08,0.87,0.0,,0.89,158.35
42389344980000,10.5,113.72,82.87,62.43,54.74,78.56,-8018.3,0.01,1.35,0.22,0.15,0.29,0.13,35.79
42389345010000,10.74,87.91,78.9,64.07,,81.67,-8083.02,0.03,0.24,0.02,4.32,,0.01,139.73
42389345030000,10.41,112.81,81.58,62.32,54.45,78.64,-8025.01,0.01,1.04,1.5,0.11,0.31,0.12,20.98
42389345210000,11.08,92.85,78.83,68.24,63.12,75.92,-8094.08,0.01,2.21,0.09,0.28,0.32,0.72,5.85
42389345280000,11.86,91.69,80.8,75.55,,83.66,-8064.62,0.0,10.13,18.5,1.14,,3.21,67.4
42389345350000,8.4,95.02,90.16,36.5,68.23,72.57,-7509.15,10.04,396.97,14.39,26.25,0.41,1.27,517.78
42389345690000,9.66,87.24,78.3,51.18,64.49,81.7,-8084.91,0.05,0.19,0.55,6.48,0.18,0.01,3.67
42389345710000,10.43,74.15,139.99,117.03,104.35,137.22,-7619.6,0.0,0.45,0.11,0.01,0.21,0.07,62.48
42389345770100,10.58,140.81,78.46,64.66,65.99,83.48,-7944.15,0.3,5.95,1.76,4.23,1.3,8.78,28.45
42389345820000,9.21,97.23,107.95,75.67,80.08,105.83,-7823.61,0.0,6.54,0.92,1.71,0.03,0.26,147.0
42389345830000,13.05,104.85,95.26,85.05,,99.54,-7979.87,0.0,6.76,0.76,3.85,,5.54,3.25
42389345970000,10.78,80.48,81.93,68.98,66.65,80.28,-7897.08,0.03,33.04,0.91,2.13,0.98,1.29,241.27
42389346010100,9.29,107.93,83.31,63.24,60.74,72.35,-7771.71,0.01,66.67,3.52,0.04,0.01,0.39,45.75
42389346080000,10.07,106.38,81.79,62.39,55.57,78.41,-8067.24,0.01,0.74,0.11,0.01,0.82,0.16,7.88
42389346110000,12.41,92.82,105.54,88.33,,93.85,-7959.12,0.02,30.07,3.17,0.21,,19.7,11.0
42389346260000,11.03,61.02,97.49,68.22,,56.68,-8037.58,0.01,1.45,7.21,3.37,,4.4,2.73
42389346270000,10.95,116.95,77.61,72.89,68.47,92.76,-8010.68,0.01,1.95,0.07,0.9,1.05,0.53,52.01
42389346280000,10.0,57.55,133.09,99.15,78.53,109.56,-6554.32,0.14,36.73,1.24,39.57,0.31,4.51,441.6
42389346290000,9.76,95.57,82.79,64.51,,87.28,-7980.11,0.01,0.98,1.83,0.48,,0.67,28.36
42389346330000,11.77,170.44,100.99,81.86,70.28,99.93,-7325.37,0.05,38.28,20.82,0.39,0.24,6.62,1279.3
42389346350000,11.53,172.85,85.22,74.25,66.48,94.11,-7151.88,0.09,23.36,10.93,10.75,2.6,0.25,3205.57
42389346400000,11.04,112.56,80.54,61.16,57.83,78.26,-8038.51,0.02,1.77,5.26,0.0,1.25,0.04,3.6
42389346410000,10.22,111.28,84.01,59.94,59.14,77.54,-8070.1,0.0,5.48,29.03,0.41,2.95,0.54,29.3
42389346700000,10.75,93.24,95.24,69.93,,76.05,-8089.32,0.19,4.68,0.45,28.57,,0.6,42.77
42389346810000,10.73,80.67,137.06,118.9,103.98,136.86,-7080.35,0.03,4.46,0.11,2.51,3.88,0.61,533.79
42389346900000,11.63,90.2,97.41,79.24,,66.93,-8158.08,0.0,0.65,1.33,0.05,,0.05,52.75
42389347160000,12.29,112.32,84.56,64.48,62.1,83.05,-7966.17,0.23,0.61,21.82,0.3,0.03,0.69,378.03
42389347270000,10.5,84.07,76.91,62.77,,79.19,-8104.06,0.07,0.76,1.11,2.82,,1.1,48.1
42389347480000,10.4,145.19,112.63,81.42,72.87,116.9,-7659.54,0.02,12.93,0.11,0.04,0.08,0.55,4.15
42389347650000,10.29,98.88,76.24,64.72,60.95,77.36,-8086.86,0.01,1.47,3.41,0.06,0.59,0.56,31.72
42389347690000,10.11,108.94,109.95,75.33,71.65,100.54,-7309.19,0.02,1.18,3.66,0.15,0.12,4.39,46.28
42389347700000,12.64,109.86,95.01,85.93,,99.64,-7991.83,0.04,4.34,0.85,2.82,,4.12,48.9
42389347710000,12.74,108.39,94.77,85.57,,99.47,-7989.26,0.02,5.12,0.2,3.3,,4.7,33.42
42389347730000,9.67,92.98,99.0,84.7,86.04,99.45,-6713.1,0.0,182.02,3.16,11.01,6.56,14.5,148.92
42389347760000,12.87,107.07,94.64,85.41,,99.55,-7986.02,0.01,5.67,0.16,3.58,,5.0,21.41
42389347770000,12.96,106.23,94.95,85.37,,99.68,-7983.78,0.0,5.36,0.34,3.38,,4.65,9.3
42389347780000,12.27,115.06,93.69,87.29,,100.4,-7998.44,0.13,1.64,8.01,1.06,,1.9,116.19
42389347790000,10.45,97.75,76.86,65.57,61.5,77.16,-8088.42,0.01,1.51,1.82,0.12,0.57,0.58,22.24
42389347830000,9.36,76.2,85.04,59.77,,83.46,-7977.75,0.09,5.09,0.28,1.5,,3.21,355.47
42389347940000,9.41,96.75,113.43,72.22,66.19,101.66,-7104.74,0.01,0.03,0.81,2.92,0.38,0.77,296.74
42389347960000,10.11,82.63,86.99,62.43,66.16,81.44,-8007.66,0.03,22.08,0.59,0.33,0.01,0.29,171.52
42389348100100,9.5,61.81,143.19,115.6,104.38,144.62,-7111.91,0.0,1.09,0.95,0.04,1.05,0.14,118.84
42389348180000,9.66,112.09,95.01,74.02,69.14,91.18,-6754.3,0.0,0.41,0.04,0.21,0.44,0.15,34.13
42389348190000,9.65,112.11,95.25,73.21,67.84,90.85,-6765.49,0.0,0.51,0.04,0.07,0.11,0.11,55.37
42389348200000,10.01,102.22,95.51,72.96,67.17,90.48,-6725.83,0.01,11.72,0.05,0.01,0.02,0.0,98.85
42389348310000,9.31,110.55,118.74,90.69,86.73,126.29,-7667.19,0.0,4.9,0.55,1.04,2.02,0.16,18.03
42389348350000,8.9,105.11,108.21,79.6,79.67,125.18,-7488.21,0.0,3.76,2.3,0.11,0.68,0.88,20.28
42389348360000,8.84,103.36,107.13,80.55,80.92,126.6,-7497.9,0.0,10.2,6.09,1.06,2.15,2.16,57.78
42389348390000,9.07,105.9,112.91,75.1,75.99,118.51,-7429.38,0.03,10.79,2.66,0.02,1.08,4.13,103.63
42389348400000,8.63,94.66,103.78,76.01,79.89,125.2,-7464.88,0.01,9.25,12.04,1.08,1.4,3.16,114.24
42389348530000,11.47,91.71,99.08,78.61,,69.01,-8110.61,0.0,0.66,0.24,0.09,,0.72,569.3
42389348680000,8.89,104.81,108.96,81.89,81.45,127.11,-7506.03,0.0,7.99,3.25,0.97,1.88,1.5,42.29
42389348690000,8.86,103.78,107.81,81.41,81.35,127.01,-7503.13,0.0,7.89,4.05,0.94,1.75,1.53,42.09
42389348770000,9.08,146.95,84.66,58.56,60.77,66.34,-7476.43,0.0,0.05,0.87,0.34,2.03,2.99,81.67
42389348790000,9.96,101.44,77.43,63.09,59.89,77.89,-8081.81,0.03,1.06,3.14,0.01,0.89,0.46,25.22
42389348800000,10.09,100.39,76.34,63.83,60.6,77.76,-8083.33,0.01,1.04,4.15,0.05,0.69,0.44,30.35
42389349010000,9.79,123.51,115.17,77.5,73.11,113.23,-7417.25,0.04,14.0,0.2,0.11,0.4,3.94,158.29
42389349140000,11.4,88.31,78.84,72.79,,82.52,-8087.64,0.04,3.17,2.12,1.01,,0.77,281.29
42389349150000,11.34,87.88,79.14,72.36,,82.48,-8086.61,0.04,2.21,1.13,1.71,,0.4,378.6
42389349190000,9.96,103.39,78.79,62.86,58.82,78.23,-8077.15,0.02,1.07,1.68,0.01,1.15,0.43,12.6
42389349300000,8.82,57.73,82.88,41.89,42.18,73.96,-5991.22,0.0,21.26,0.03,2.59,2.26,0.28,87.93
42389349340000,11.82,60.82,108.12,96.25,93.81,107.74,-8016.15,0.04,1.09,0.26,9.53,0.58,0.26,359.94
42389349370000,10.1,123.24,96.88,89.52,83.99,97.72,-7871.08,0.0,43.98,0.79,0.26,0.03,0.37,126.61
42389349470000,10.18,109.72,79.47,59.45,58.33,77.42,-8076.52,0.0,10.68,6.54,1.33,1.33,0.07,9.38
42389349480000,10.11,104.53,78.46,58.96,59.18,77.36,-8090.02,0.01,7.71,1.05,3.53,0.54,0.27,12.34
42389349490000,10.07,102.83,79.2,58.35,59.71,77.39,-8096.15,0.02,6.26,1.26,4.22,0.4,0.46,43.54
42389349500000,10.04,101.66,79.29,57.96,60.33,77.59,-8101.28,0.02,4.17,2.08,3.66,0.34,0.59,134.42
42389349510000,10.01,99.85,79.58,57.5,60.81,77.8,-8100.85,0.03,3.1,3.62,3.9,0.24,0.65,201.31
42389349520000,9.97,97.88,79.67,56.76,61.38,78.33,-8099.8,0.05,2.27,3.88,4.93,0.15,0.73,223.13
42389349580000,10.21,65.88,117.51,71.68,94.06,114.81,-7865.3,0.03,2.4,0.24,5.11,0.18,0.16,144.16
42389349610000,11.6,60.59,99.15,90.92,81.77,95.89,-8279.12,0.27,4.25,0.01,11.2,0.63,1.87,10.22
42389349650000,12.19,56.28,111.71,97.21,97.78,111.24,-7969.54,0.05,0.1,0.45,7.46,0.09,0.15,95.8
42389349680000,10.79,83.87,75.98,65.68,,78.89,-8104.58,0.05,0.8,0.47,2.06,,1.51,31.14
42389349690000,10.92,83.91,75.36,67.63,,78.11,-8102.13,0.04,0.89,0.63,1.01,,2.22,38.93
42389349710000,9.99,81.67,108.05,74.42,71.53,93.9,-7231.05,0.01,3.62,8.65,0.31,0.09,6.81,10.52
42389349750000,9.88,73.2,93.43,65.89,67.8,85.39,-7933.3,0.02,15.08,2.3,1.24,0.01,2.55,117.94
42389349770100,-14.89,189.37,85.08,63.77,58.08,78.0,-7393.98,4.67,118.92,7.15,3.51,0.18,2.12,768.04
42389349840000,10.73,77.87,70.7,54.95,57.78,88.62,-6436.58,0.06,2.94,0.88,8.18,3.11,0.01,199.17
42389349850000,10.54,73.2,79.09,55.73,55.78,86.1,-6319.3,0.0,0.13,2.76,2.17,0.52,0.01,1.43
42389349990000,11.54,88.76,78.26,73.53,,82.5,-8088.1,0.03,3.69,3.36,0.47,,1.18,130.05
42389350000000,11.65,89.3,78.16,74.17,,82.57,-8082.8,0.02,5.04,5.12,0.25,,1.85,129.83
42389350010000,11.78,89.92,78.65,74.77,,82.71,-8077.45,0.01,6.15,9.39,0.2,,2.46,115.2
42389350090000,11.06,94.12,98.72,91.71,81.45,85.25,-8053.57,0.0,9.48,0.55,0.52,0.21,1.85,277.45
42389350390000,10.5,141.66,82.86,67.27,60.55,82.22,-7475.98,0.24,31.44,0.31,9.24,0.0,0.6,1.15
42389350460000,-30.34,251.48,86.76,69.73,62.36,79.03,-7445.9,65.42,191.86,16.46,4.41,0.32,0.28,504.41
42389350490000,12.19,57.66,110.71,97.4,96.88,110.2,-7982.35,0.08,0.16,0.48,14.25,0.19,0.25,188.82
42389350540000,9.11,149.27,84.75,58.25,60.98,66.4,-7455.56,0.0,0.03,0.95,0.68,2.21,3.29,75.01
42389350560000,11.08,83.84,74.36,70.33,,76.35,-8096.11,0.02,1.11,1.3,1.19,,2.93,53.5
42389350570000,11.32,83.22,73.45,72.54,,75.55,-8094.21,0.03,1.91,1.17,0.26,,4.3,53.5
42389350580100,10.11,98.16,76.32,68.98,62.58,83.27,-7280.56,0.16,24.78,0.47,8.16,0.01,0.84,3191.14
42389350670000,8.1,160.58,66.09,35.44,55.14,61.7,-7334.34,0.0,1.43,3.53,21.15,0.03,0.94,863.26
42389350740100,9.62,59.86,102.25,78.67,83.44,93.25,-8285.44,0.04,0.63,0.0,3.17,0.25,0.54,1.72
42389350820100,10.33,73.7,85.66,57.65,55.53,85.93,-6305.56,0.0,1.57,6.79,2.07,0.14,0.3,161.61
42389350880100,0.02,207.6,95.2,68.01,60.78,72.58,-7562.45,3.45,37.82,10.96,0.57,0.01,0.4,382.06
42389350890000,10.92,67.89,102.68,90.31,83.98,92.63,-8194.22,0.09,9.34,0.03,9.9,0.05,0.21,498.51
42389350920000,10.98,67.03,103.08,89.62,86.0,96.41,-8173.72,0.51,5.5,0.0,43.05,0.2,0.11,298.19
42389350980000,11.17,121.97,83.67,64.74,57.75,77.83,-7944.87,0.0,28.02,29.56,1.94,0.59,0.83,360.77
42389350990100,12.53,192.71,88.27,56.47,67.3,77.42,-7515.97,2.11,269.88,8.54,4.34,0.16,0.52,600.67
42389351020000,9.56,69.34,124.6,95.65,89.99,121.02,-7903.06,0.03,34.85,0.71,2.44,1.91,1.11,609.84
42389351040100,9.47,71.53,109.66,89.11,81.69,109.43,-6316.79,0.02,0.5,0.98,11.36,1.34,1.45,89.03
42389351050000,6.51,164.73,74.58,58.08,55.69,65.33,-7466.43,0.32,0.62,4.79,9.15,0.73,0.21,612.32
42389351130000,8.76,86.25,94.86,86.36,85.33,132.25,-7518.79,0.02,9.94,4.99,17.19,1.41,3.0,203.82
42389351140000,8.7,81.85,92.8,84.54,83.96,131.59,-7505.89,0.03,9.91,9.11,27.56,1.13,3.96,227.83
42389351150000,9.86,64.42,142.45,111.8,107.63,136.43,-7796.51,0.0,0.28,0.16,0.01,0.36,0.01,71.03
42389351270000,11.46,160.95,99.2,79.78,69.63,96.59,-7304.43,0.03,41.45,22.03,0.65,0.66,8.03,768.27
42389351320000,10.11,140.21,82.72,63.66,60.63,83.75,-7516.86,0.06,41.93,1.68,24.82,0.82,1.26,12.18
42389351330000,9.92,195.65,110.02,62.43,61.12,80.75,-7624.09,0.16,342.15,13.59,3.93,0.94,0.34,1107.55
42389351340000,11.66,50.82,108.44,103.61,100.96,114.16,-8035.31,0.09,5.28,4.92,1.69,1.2,1.51,269.47
42389351420000,9.77,48.28,119.35,96.49,94.06,122.21,-8007.42,0.11,4.47,12.58,1.91,5.2,3.21,419.58
42389351440000,9.72,72.65,123.47,89.96,89.99,119.42,-7891.23,0.03,34.4,0.59,13.35,3.87,1.17,295.84
42389351460000,7.76,52.68,141.22,78.74,71.23,129.9,-6520.49,0.02,0.03,0.04,15.23,9.12,0.11,205.18
42389351530000,8.9,102.7,109.85,75.96,77.7,121.96,-7451.47,0.05,37.98,21.56,0.69,4.6,12.48,315.21
42389351540000,8.93,104.2,109.68,76.71,77.84,122.4,-7459.14,0.05,39.8,22.89,0.86,5.05,11.9,284.92
42389351550000,8.95,105.55,109.4,77.51,78.01,122.85,-7467.22,0.05,38.69,23.06,0.93,5.22,10.55,231.7
42389351560000,8.98,107.1,109.58,78.28,78.08,123.15,-7474.49,0.05,40.45,21.74,1.02,5.72,10.0,200.71
42389351640000,9.38,83.0,129.3,100.21,84.59,135.96,-7659.38,0.0,0.06,5.16,0.24,0.17,0.0,48.09
42389351660000,12.04,179.83,92.38,80.35,69.38,97.12,-7239.39,0.01,1.88,9.42,3.03,0.44,1.0,1503.8
42389351760000,11.23,89.58,133.71,122.47,110.11,133.89,-7050.1,0.01,3.64,0.87,0.58,1.42,0.27,60.07
42389351930000,10.54,38.29,96.82,75.51,66.52,61.68,-7934.67,0.01,8.47,0.18,0.91,1.74,4.74,405.87
42389351980000,9.88,64.59,142.76,112.32,107.79,136.8,-7777.17,0.0,0.79,0.4,0.03,0.93,0.04,212.08
42389352010000,8.46,86.77,88.81,42.91,,82.71,-8091.5,0.19,2.62,8.28,27.5,,2.89,0.96
42389352017000,8.33,85.59,87.2,41.23,,83.71,-8091.68,0.04,1.18,3.45,5.27,,0.7,0.16
42389352040100,10.5,104.51,85.32,72.41,65.83,82.03,-7252.11,0.02,1.35,30.47,5.56,4.89,7.16,912.03
42389352070000,9.42,78.68,111.61,90.28,76.53,109.26,-6181.66,0.03,0.27,1.82,15.99,0.61,3.54,194.04
42389352110000,9.74,61.44,144.56,112.34,110.96,137.07,-7745.62,0.0,0.76,0.21,0.02,0.94,0.04,239.21
42389352110100,9.73,61.39,144.55,112.25,110.97,136.99,-7749.68,0.0,0.77,0.23,0.02,0.98,0.04,242.01
42389352320000,10.49,120.95,78.51,65.14,58.04,81.8,-7993.15,0.0,3.17,0.94,0.55,1.14,1.13,15.77
42389352410100,12.13,78.88,91.69,72.25,,80.67,-8010.14,0.12,132.22,3.85,13.93,,54.58,70.63
42389352540000,11.64,66.89,104.21,97.13,88.73,101.67,-8086.67,0.13,4.94,0.04,15.28,0.66,0.12,281.91
42389352600000,10.67,63.66,100.42,84.75,84.01,97.6,-8281.57,0.34,6.24,0.05,12.51,0.91,2.53,200.63
42389352650000,11.17,150.57,102.08,67.13,60.01,77.48,-7749.36,0.26,15.21,32.73,0.37,0.11,0.07,273.61
42389352720000,8.78,97.73,109.1,74.52,77.77,121.57,-7437.5,0.04,30.5,24.44,0.82,3.81,12.38,403.17
42389352860100,11.55,108.7,86.86,55.5,68.0,72.88,-7631.94,0.19,19.3,25.67,25.05,10.49,0.08,573.8
42389353000000,11.08,110.73,75.99,74.13,70.18,92.0,-8039.18,0.0,1.01,0.29,0.16,0.24,0.05,1.13
42389353000100,11.12,110.06,75.5,74.47,70.6,91.79,-8039.11,0.0,5.18,0.37,0.27,0.52,0.45,0.89
42389353020000,8.86,92.98,105.91,88.27,86.87,131.93,-7534.71,0.0,9.81,13.7,8.58,1.99,1.95,194.66
42389353390000,8.83,91.39,102.69,87.81,86.52,132.01,-7530.93,0.01,9.63,9.42,10.09,1.8,2.12,190.71
42389353430000,9.38,110.88,117.14,90.27,85.24,124.89,-7694.61,0.0,6.75,1.0,1.85,2.21,0.15,30.57
42389353510000,6.83,187.56,104.12,32.62,49.59,83.7,-7260.15,0.69,4.67,3.74,13.35,26.47,17.46,22.62
42389353530000,10.18,70.92,140.58,114.33,104.06,137.1,-7734.21,0.0,1.97,0.54,0.13,1.6,0.13,34.18
42389353550000,10.58,74.91,139.95,119.93,106.06,138.3,-7453.72,0.01,1.35,0.09,0.09,0.0,0.39,39.21
42389353690000,9.55,122.97,116.9,79.36,74.14,118.5,-7464.72,0.11,51.67,1.98,0.05,3.45,10.89,281.62
42389353710000,9.56,124.2,117.65,79.88,74.15,118.97,-7470.93,0.11,50.44,1.62,0.06,3.5,9.93,242.18
42389353750000,9.53,78.97,120.71,100.77,83.89,133.89,-7540.59,0.0,1.47,4.0,0.3,0.02,0.0,6.36
42389353820000,10.2,90.48,81.28,65.68,,82.62,-8040.86,0.03,0.25,0.15,0.23,,0.25,77.02
42389353830000,10.16,119.82,106.29,72.79,69.16,79.08,-7935.82,0.01,425.31,7.53,0.2,1.63,42.96,330.19
42389353840000,12.2,78.67,92.9,74.33,,81.2,-7998.85,0.18,127.43,8.65,6.84,,52.15,77.72
42389353880000,12.11,77.01,97.1,77.0,,80.93,-7989.76,0.18,123.77,8.8,5.85,,51.8,92.28
42389353940000,10.23,67.99,110.02,99.19,90.91,112.72,-6577.54,0.01,1.21,0.46,2.88,0.01,0.48,1.01
42389354160000,9.69,109.42,90.02,75.36,72.53,93.47,-7012.1,0.04,68.12,2.32,1.59,3.14,5.95,4594.53
42389354360000,8.39,162.56,89.94,47.32,45.26,89.58,-7465.27,2.19,42.36,18.37,38.8,131.03,4.45,1815.48
42389354380000,9.69,84.41,81.33,52.49,,82.5,-8101.51,0.24,0.43,2.71,25.0,,0.24,27.48
42389354390000,11.56,100.92,81.72,69.68,58.42,86.19,-7699.51,0.15,2.66,0.18,1.47,17.72,0.82,28.04
42389354420000,11.48,101.73,81.58,69.59,58.26,86.01,-7694.28,0.11,2.04,0.03,1.58,18.31,0.83,34.85
42389354430000,11.41,102.15,81.46,69.4,57.49,85.81,-7688.39,0.11,2.73,0.07,1.96,19.77,0.81,53.74
42389354470000,9.97,78.48,108.09,74.38,71.56,93.42,-7216.96,0.01,5.7,8.53,0.33,0.06,6.67,15.2
42389354640000,9.96,72.55,138.0,109.27,98.43,135.87,-7717.29,0.0,0.44,0.08,0.17,0.73,0.0,790.0
42389354660000,13.87,133.55,95.23,54.32,64.08,73.68,-7607.85,0.63,214.94,0.24,0.74,3.59,1.59,407.23
42389354810000,11.7,68.09,103.44,95.61,87.08,98.89,-8128.0,0.32,8.81,0.01,37.42,0.47,0.03,462.49
42389354850000,8.74,76.47,121.05,83.57,81.96,129.86,-7473.78,0.08,10.33,4.81,53.39,0.91,5.97,347.0
42389354880000,10.72,86.59,94.11,61.01,54.74,71.11,-7702.4,0.04,18.39,12.51,10.73,0.61,0.75,279.38
42389354880100,10.76,90.28,88.49,66.62,54.82,73.27,-7726.25,0.02,37.85,24.21,39.49,0.8,13.85,685.6
42389354890000,7.56,61.83,140.21,66.95,63.23,130.26,-6686.03,0.03,4.65,8.34,9.01,22.82,1.69,67.8
42389354940000,9.71,70.2,123.8,92.58,90.39,119.88,-7901.32,0.05,40.53,0.95,8.75,3.84,1.44,498.89
42389355050000,10.45,120.54,86.9,75.76,56.58,85.95,-7788.64,0.04,427.79,64.99,5.84,20.45,28.71,3097.55
42389355060100,10.72,108.24,98.48,93.03,83.7,93.58,-7984.51,0.0,128.58,2.45,2.16,0.16,2.42,768.97
42389355260000,9.91,47.2,119.45,96.86,94.3,121.02,-7983.08,0.13,2.63,9.6,2.11,4.24,2.5,200.66
42389355270000,9.82,47.59,119.42,96.63,94.1,121.76,-7997.76,0.13,4.68,12.22,2.16,5.33,3.17,350.95
42389355330000,9.42,110.35,95.21,61.75,60.09,88.33,-7712.82,0.11,8.64,2.35,1.63,0.03,0.84,5.66
42389355390000,10.43,71.38,82.42,69.58,60.94,80.49,-7768.45,0.06,47.03,7.33,0.67,1.41,0.91,1546.09
42389355480000,9.31,83.77,90.32,67.77,64.5,78.64,-6947.26,0.03,241.94,32.05,9.11,6.8,7.22,5031.04
42389355480100,9.31,83.71,90.48,67.75,64.5,78.78,-6944.56,0.04,240.05,31.32,9.35,6.93,6.89,5210.29
42389355540100,9.22,66.39,89.5,66.7,63.21,86.04,-6884.26,0.04,75.02,3.91,8.05,3.59,2.97,1105.17
42389355590000,-1.17,159.26,73.81,60.68,59.41,83.8,-7048.86,12.53,1.38,3.45,0.33,0.12,0.23,2716.09
42389355690100,11.23,91.72,84.77,81.97,42.03,94.69,-7034.76,0.01,0.04,12.99,0.88,27.28,0.21,1899.74
42389355980000,9.53,79.35,106.31,82.21,83.96,105.92,-7940.58,0.05,26.01,0.64,0.09,1.32,0.78,452.58
42389355990000,9.73,79.0,105.29,86.51,84.62,104.91,-7956.83,0.06,27.63,0.79,0.01,1.04,0.84,391.89
42389356010000,9.89,80.06,104.69,87.93,84.61,104.21,-7961.21,0.03,21.84,0.61,0.01,0.55,0.72,297.85
42389356030000,10.94,160.02,104.53,80.91,73.11,111.41,-7709.36,0.0,2.7,1.15,0.02,0.01,0.21,7.96
42389356040000,10.29,79.01,104.02,91.14,85.17,103.33,-7983.88,0.04,22.61,0.64,0.12,0.66,0.79,237.54
42389356050000,9.6,79.04,105.73,84.59,84.35,105.43,-7949.28,0.05,26.82,0.78,0.03,1.2,0.79,417.55
42389356050100,9.6,79.14,105.73,84.6,84.35,105.43,-7948.94,0.05,26.6,0.75,0.05,1.18,0.77,420.87
42389356110000,6.96,101.35,73.6,67.11,62.39,77.94,-6978.75,1.33,2.77,0.06,0.25,0.02,0.1,778.62
42389356270000,11.52,62.33,107.17,95.12,92.45,106.62,-8028.75,0.05,2.61,0.31,8.19,1.33,0.46,592.62
42389356330000,10.6,116.52,84.22,63.15,55.64,78.96,-7999.73,0.01,12.49,15.22,1.67,1.71,1.77,219.14
42389356340000,10.11,109.9,89.88,69.48,63.7,89.07,-7890.04,0.0,5.17,0.12,0.76,2.45,0.21,360.4
42389356360000,10.03,110.18,90.42,70.01,63.69,89.59,-7894.29,0.0,7.14,0.15,0.85,2.43,0.64,328.19
42389356470000,9.14,101.49,110.78,67.94,76.22,109.24,-7833.0,0.0,7.25,0.57,3.66,0.03,0.24,150.63
42389356500000,11.13,103.45,84.2,74.6,,88.19,-8121.27,0.01,0.91,2.79,0.7,,3.0,19.37
42389356560000,10.67,106.77,85.22,75.6,55.84,82.12,-7761.62,0.02,589.83,8.06,14.83,9.47,47.16,1318.8
42389356580000,9.91,113.08,83.27,63.8,58.86,82.53,-7582.08,0.01,1.47,1.96,0.01,0.18,0.14,140.45
42389356610000,9.09,59.55,145.26,110.62,96.95,138.55,-6926.52,0.0,0.65,0.95,1.7,3.73,0.01,302.41
42389356640000,9.55,121.51,109.55,72.31,74.01,110.54,-7782.25,0.0,8.22,0.29,1.33,0.01,0.2,30.12
42389356800100,10.38,79.29,81.15,65.15,65.17,79.42,-7867.18,0.14,37.86,1.51,10.72,6.31,3.03,811.74
42389356840000,10.16,50.59,93.37,72.03,63.18,88.41,-7746.79,0.0,1.81,5.29,0.78,0.28,0.06,186.19
42389356880000,7.83,143.48,87.58,55.22,40.84,94.86,-7517.89,0.02,9.91,22.59,0.93,6.79,2.25,1.71
42389356920000,3.17,239.51,90.59,68.95,62.82,79.08,-7522.28,18.06,80.21,23.94,1.47,0.03,0.06,216.4
42389356940100,8.97,61.57,128.67,92.34,86.95,127.45,-7958.71,0.01,9.52,2.01,0.47,1.19,0.79,66.33
42389356980100,6.53,146.0,90.86,65.45,60.61,66.25,-7683.67,1.94,44.28,0.69,0.32,0.13,23.34,2546.23
42389357000000,7.43,132.2,81.11,63.67,60.83,58.35,-7630.08,0.47,37.32,7.03,1.91,0.05,4.79,145.66
42389357030000,9.08,83.47,129.72,77.65,73.66,115.98,-7300.72,0.02,0.59,1.47,12.76,0.42,2.54,925.92
42389357040000,11.05,109.42,94.79,88.11,79.3,79.06,-7966.31,0.0,18.97,1.26,0.85,0.31,1.72,796.14
42389357050000,9.1,147.21,86.72,52.17,63.58,78.63,-7830.1,7.0,3.7,4.02,294.15,2.35,12.64,858.41
42389357070000,9.36,87.61,118.18,71.33,72.28,104.4,-7245.09,0.03,0.05,4.94,0.56,0.05,5.56,25.44
42389357100000,9.97,85.81,86.17,65.05,49.67,66.44,-7546.34,0.0,17.05,0.03,2.34,9.43,26.35,2.95
42389357150000,11.15,102.27,86.23,74.72,,86.82,-8129.12,0.01,0.94,2.91,1.2,,4.63,56.0
42389357210100,9.37,109.15,103.72,79.95,80.46,103.47,-7784.18,0.0,15.29,1.46,0.83,0.02,0.51,62.47
42389357220000,9.47,90.57,121.5,95.31,86.53,121.84,-7812.36,0.0,5.94,0.37,0.29,0.0,0.15,286.81
42389357240000,9.83,100.89,92.25,65.65,58.1,88.1,-6858.86,0.11,224.67,1.65,7.94,4.54,5.67,1103.29
42389357270000,11.26,86.77,135.09,123.37,109.14,134.01,-7264.85,0.0,0.67,0.27,0.01,0.05,0.24,63.2
42389357310000,9.04,82.32,130.27,78.38,74.58,117.66,-7320.27,0.02,0.97,1.85,15.25,0.45,2.82,1021.29
42389357430000,9.55,78.91,119.54,71.97,87.8,117.56,-7856.72,0.02,38.42,0.24,13.95,7.74,1.19,310.48
42389357440000,-9.18,149.77,76.43,65.1,60.61,84.39,-6992.12,32.95,3.16,3.81,0.07,0.05,0.69,2491.33
42389357450000,6.82,170.48,87.69,39.34,45.32,82.58,-7357.66,0.52,15.58,0.75,20.85,34.94,7.67,103.96
42389357520000,10.2,84.03,126.78,105.58,87.74,130.49,-7350.53,0.0,0.01,0.68,0.73,0.89,0.16,0.09
42389357570100,7.27,172.58,74.15,42.64,57.79,71.36,-7177.01,0.22,23.96,12.26,14.13,0.72,5.31,1826.64
42389357700000,10.21,93.15,112.43,89.41,76.16,111.16,-7169.73,0.01,0.13,0.22,3.81,1.89,1.4,2.44
42389357720000,10.78,92.32,108.03,97.07,84.73,110.33,-6921.31,0.01,0.04,2.82,5.6,3.49,3.41,8.95
42389357900000,12.1,179.91,91.56,79.99,69.81,98.32,-7223.69,0.05,5.21,17.1,8.0,0.92,1.41,3681.22
42389357910000,10.21,96.9,85.55,62.14,64.84,80.68,-8041.16,0.0,5.97,5.55,0.05,0.09,0.13,1.15
42389357920000,10.21,97.4,85.11,61.92,64.67,80.54,-8043.47,0.0,6.66,6.39,0.07,0.1,0.1,0.79
42389357940100,9.33,121.27,119.59,82.18,76.68,122.95,-7507.39,0.07,50.01,4.23,0.79,8.03,7.0,190.51
42389358030000,11.96,112.38,74.72,61.66,61.4,79.57,-8014.93,0.1,0.15,31.34,0.58,0.66,0.79,24.77
42389358130000,10.24,86.53,89.3,66.09,54.7,73.04,-7594.12,0.01,22.54,0.62,3.18,18.39,32.8,106.69
42389358160000,10.38,73.45,139.0,118.82,103.95,140.08,-7181.35,0.01,0.93,0.01,0.2,0.11,0.21,99.97
42389358170000,11.68,169.7,108.97,84.64,71.56,108.62,-7452.95,0.16,53.34,17.28,0.2,0.03,6.09,1088.02
42389358280000,9.6,120.94,111.69,83.73,78.18,121.66,-7674.21,0.0,7.54,0.08,0.73,1.05,0.19,41.63
42389358300000,11.19,87.97,121.08,113.42,96.68,123.4,-6713.12,0.0,3.29,4.14,1.52,1.47,3.42,422.62
42389358340000,9.74,136.98,100.17,75.9,70.42,102.99,-7702.52,0.0,1.98,1.73,0.13,2.01,0.4,753.09
42389358360000,2.18,152.88,88.92,15.18,67.1,88.62,-7874.12,0.67,0.15,0.02,37.11,0.31,0.15,8.7
42389358370000,11.26,113.39,77.64,62.08,61.19,80.07,-8021.05,0.03,1.39,0.43,0.2,0.4,0.46,37.83
42389358390000,9.54,78.2,118.7,67.55,88.25,116.95,-7834.02,0.02,27.23,0.06,7.97,7.07,0.87,264.72
42389358450000,11.24,100.43,88.97,75.72,,84.31,-8139.16,0.02,1.64,3.49,2.01,,4.33,161.46
42389358490000,9.85,101.57,101.9,74.96,67.34,97.75,-7024.69,0.03,0.93,0.25,8.47,3.61,1.75,94.9
42389358580000,7.05,155.3,100.4,47.74,17.92,99.71,-7433.82,0.25,122.28,8.0,46.46,0.48,10.3,205.31
42389358640000,7.47,183.23,103.26,35.35,52.71,78.33,-7282.28,0.9,11.28,2.47,17.46,26.58,30.43,108.28
42389358680000,9.59,110.66,95.08,62.43,60.87,88.72,-7715.48,0.11,9.4,1.9,1.47,0.0,0.96,40.36
42389358690000,7.27,144.98,95.37,48.13,33.07,97.65,-7493.69,0.09,20.16,2.0,2.35,2.88,2.16,5.92
42389358730000,13.64,132.67,93.7,54.25,65.62,73.62,-7600.99,0.33,99.5,0.43,3.35,2.44,1.04,502.99
42389358740000,11.09,105.07,80.75,74.36,68.87,89.64,-8101.32,0.02,4.0,4.61,1.12,0.56,2.57,17.15
42389358790000,9.2,87.18,120.7,69.97,69.57,103.34,-7139.73,0.01,4.77,5.5,0.24,0.1,4.84,222.59
42389358840000,6.12,184.33,100.66,28.99,45.55,83.34,-7287.91,0.26,1.87,0.91,5.98,14.54,5.74,8.26
42389358840100,7.23,181.31,100.84,34.22,51.95,77.77,-7296.3,0.99,12.35,1.93,20.77,31.02,31.1,109.6
42389358960000,10.41,78.36,90.6,69.7,,87.79,-7703.6,0.04,98.01,0.02,1.6,,1.81,2.15
42389359090000,11.34,102.32,82.02,69.19,56.59,85.38,-7674.37,0.1,8.42,0.11,3.51,21.82,0.78,115.58
42389359100000,11.38,102.27,81.59,69.32,57.27,85.61,-7682.13,0.09,4.78,0.13,2.59,20.68,0.81,79.54
42389359330000,9.89,151.98,86.82,62.8,62.52,77.42,-7799.4,4.24,1.99,32.7,194.35,1.59,9.02,1077.44
42389359430000,9.03,64.1,129.77,93.22,87.36,129.81,-7971.26,0.01,11.89,4.51,0.35,2.07,1.55,332.12
42389359490000,10.04,105.07,77.58,69.64,56.18,78.88,-7697.92,0.03,167.82,1.1,1.44,6.61,0.89,1032.65
42389359510000,10.12,105.57,77.94,69.81,56.9,79.87,-7700.68,0.01,296.42,1.42,0.43,6.89,0.7,1194.33
42389359520000,11.05,121.8,85.79,56.77,69.01,75.54,-7627.63,0.03,131.08,22.49,45.69,3.24,2.62,557.57
42389359540000,10.35,147.06,105.79,77.9,72.53,110.49,-7729.09,0.01,9.01,2.37,0.22,0.03,0.5,31.01
42389359570000,8.78,63.11,102.47,71.24,85.9,96.1,-8243.88,0.5,0.08,0.05,35.07,0.2,0.5,60.07
42389359640000,9.98,141.86,92.32,69.02,55.12,87.45,-7537.04,0.13,7.81,2.07,20.78,8.08,3.46,21.85
42389359720000,10.38,119.62,78.66,65.0,58.03,82.15,-8004.14,0.0,2.73,0.76,0.52,1.04,1.08,12.66
42389359830000,10.13,131.67,91.41,72.74,69.62,94.24,-7393.13,0.0,0.67,0.23,0.02,1.7,1.48,1125.71
42389359910000,9.61,84.52,122.24,87.05,75.2,117.75,-7330.19,0.01,0.02,0.91,2.77,0.39,0.31,2.38
42389359930000,6.2,148.36,84.57,38.9,68.96,85.19,-7908.54,0.05,0.12,0.44,4.88,0.05,2.12,31.93
42389360000000,8.75,95.68,111.4,73.67,77.57,121.01,-7426.58,0.04,27.91,14.3,0.76,3.48,12.99,467.03
42389360030000,10.39,81.94,80.42,65.31,64.79,79.2,-7866.89,0.18,34.01,2.71,12.68,9.37,4.26,912.98
42389360090000,8.71,93.74,113.94,72.78,77.36,120.43,-7415.14,0.04,24.42,4.68,0.62,3.0,12.93,507.33
42389360140000,10.33,144.5,119.89,83.23,71.94,116.92,-7516.56,0.11,41.41,4.04,0.03,0.35,4.62,109.74
42389360170000,9.99,89.24,76.15,57.95,63.49,82.06,-7348.89,0.11,52.65,0.34,1.73,1.12,11.62,160.22
42389360230100,9.98,71.24,112.83,99.05,84.19,112.95,-6368.44,0.03,1.04,2.53,11.5,0.05,1.36,218.79
42389360290000,-2.83,125.72,76.43,68.71,62.49,85.18,-6883.19,0.53,14.35,0.14,0.12,0.04,0.02,22.42
42389360370000,9.82,63.72,142.09,110.88,107.65,135.81,-7828.15,0.0,0.31,0.23,0.02,0.49,0.01,59.4
42389360390000,10.59,76.59,120.07,109.59,83.6,117.05,-6403.27,0.02,2.12,5.79,6.24,0.19,0.95,54.97
42389360400000,11.25,117.8,79.49,70.29,68.81,78.91,-7930.08,0.02,135.32,6.15,2.96,0.29,0.3,41.11
42389360420000,10.05,62.41,87.6,69.45,60.54,84.41,-7803.09,0.06,0.59,10.29,0.07,0.11,2.53,1190.99
42389360450000,9.32,82.61,134.01,99.44,85.21,136.32,-7707.32,0.01,1.91,1.1,0.79,1.21,0.0,202.42
42389360480000,8.92,87.33,131.34,95.47,83.85,135.37,-7739.74,0.0,0.12,1.96,0.01,0.73,0.22,465.45
42389360520000,9.66,113.97,88.19,54.4,53.08,69.49,-7492.38,0.02,7.91,110.26,0.91,5.31,2.03,2509.74
42389360540000,9.33,106.24,112.75,68.03,74.87,116.94,-7803.74,0.0,8.73,0.23,0.05,0.45,0.12,43.46
42389360580000,11.29,97.82,86.05,56.03,64.81,70.56,-7642.25,0.89,250.61,39.74,22.71,40.01,1.72,989.85
42389360590000,10.21,115.18,93.52,64.7,61.61,87.77,-7719.68,0.02,1.55,0.58,0.28,0.0,0.14,0.04
42389360600000,9.83,111.06,95.06,63.39,61.93,89.31,-7726.04,0.1,10.29,1.18,1.12,0.01,1.1,163.42
42389360650000,11.8,112.95,78.99,62.58,61.27,80.42,-8007.36,0.11,0.75,49.55,1.35,1.47,2.58,429.88
42389360660000,11.32,109.43,80.58,71.17,69.98,79.21,-7930.49,0.01,80.71,6.18,1.66,0.44,0.33,25.6
42389360670000,11.02,100.77,81.06,66.69,68.06,77.99,-7027.38,0.05,42.89,4.93,2.0,1.54,19.75,3187.25
42389360800000,9.02,88.83,126.31,95.74,88.24,134.17,-7647.51,0.0,0.52,1.24,0.22,1.18,0.09,781.87
42389360860000,9.98,116.65,112.84,75.87,72.19,106.18,-7350.31,0.11,20.38,5.77,0.63,0.74,15.94,440.59
42389360950000,10.5,115.79,85.36,75.5,55.66,84.64,-7775.78,0.05,645.09,61.37,10.89,21.86,44.65,3127.4
42389361250000,9.02,63.74,129.7,93.06,87.25,129.58,-7969.7,0.01,13.18,4.59,0.44,2.23,1.58,310.25
42389361430000,9.22,60.41,144.28,112.25,98.98,140.87,-6944.36,0.0,0.88,1.21,0.94,2.91,0.05,182.59
42389361680000,9.88,110.17,112.88,74.85,72.26,104.82,-7331.98,0.09,10.31,7.39,0.72,0.68,16.67,330.93
42389361740000,8.91,105.76,110.23,82.45,81.58,127.19,-7510.9,0.0,8.64,2.52,1.01,2.1,1.46,44.81
42389361760000,8.99,93.72,119.24,71.19,74.54,113.1,-7341.56,0.02,3.53,0.85,0.1,0.43,4.47,103.97
42389361860000,9.75,82.34,128.43,103.19,85.93,134.23,-7531.25,0.0,0.08,2.53,0.61,0.88,0.03,93.87
42389362040000,9.82,108.91,90.11,75.39,72.71,92.51,-7024.67,0.03,72.26,1.74,0.65,2.33,5.69,4442.17
42389362060000,10.64,110.65,85.76,69.74,69.89,84.54,-7123.59,0.06,46.51,3.98,1.35,0.5,9.89,4402.43
42389362180000,9.57,78.33,120.7,100.85,83.65,133.52,-7522.48,0.0,0.9,1.37,0.17,0.02,0.0,0.72
42389362360000,12.21,58.11,96.76,93.09,79.59,93.95,-8204.62,0.3,1.39,1.01,14.56,0.93,1.92,2803.72
42389362410000,10.96,58.14,116.69,85.82,96.56,114.48,-7918.87,0.23,6.52,3.46,20.62,1.13,1.16,360.58
42389362430000,11.22,111.14,83.32,60.44,68.55,75.4,-7643.09,0.25,52.78,34.05,48.74,24.32,1.21,821.9
42389362500000,8.98,132.01,87.87,58.28,62.71,72.42,-7541.73,0.0,3.36,0.27,0.13,0.08,2.12,126.95
42389362510000,9.13,126.44,83.67,62.73,48.55,95.38,-7563.73,0.74,19.22,25.76,36.18,2.91,7.23,142.34
42389362770100,10.59,115.57,84.53,75.87,55.6,84.47,-7770.52,0.03,753.35,33.97,10.81,17.03,51.51,2249.93
42389362780000,10.63,116.26,84.36,75.85,56.19,84.61,-7769.94,0.03,709.77,22.69,9.38,14.34,49.05,1882.53
42389362850000,10.91,114.11,76.99,72.63,68.4,91.48,-8035.95,0.03,2.17,0.31,1.95,2.07,1.8,93.44
42389362930000,11.1,50.55,79.53,76.73,24.18,91.09,-6987.74,0.04,10.08,32.34,3.35,19.62,0.65,1042.1
42389363030000,9.26,143.09,91.04,68.55,63.39,91.33,-7840.07,1.04,49.14,7.93,29.31,4.81,4.8,1111.98
42389363120000,11.38,108.6,83.05,71.76,72.0,80.41,-7937.33,0.0,26.06,0.83,1.05,0.51,0.12,0.78
42389363160100,9.34,86.48,118.57,71.15,72.08,104.11,-7231.67,0.04,0.32,6.85,0.7,0.04,6.93,26.22
42389363180000,9.35,85.38,118.57,71.09,71.85,103.41,-7217.17,0.03,0.95,6.81,0.69,0.01,6.34,22.3
42389363190000,9.36,84.27,118.45,71.02,71.64,102.67,-7201.91,0.03,1.83,6.86,0.68,0.0,5.73,16.88
42389363200000,10.19,92.35,113.57,90.03,76.45,112.32,-7188.47,0.01,0.07,0.12,3.6,1.77,1.2,8.23
42389363270000,4.48,180.19,91.88,20.23,35.66,84.17,-7325.07,1.95,12.35,0.8,74.93,84.59,12.7,38.43
42389363480000,9.61,78.44,120.96,100.57,83.31,132.73,-7504.48,0.0,0.73,0.84,0.25,0.04,0.0,2.04
42389363560000,9.94,71.5,108.02,74.47,71.56,92.47,-7172.02,0.01,9.51,5.55,0.36,0.01,4.74,31.26
42389363580000,9.92,101.57,89.43,74.74,71.61,89.32,-6985.93,0.01,173.83,14.42,10.38,7.28,44.82,8682.12
42389363630000,9.69,88.21,119.04,84.83,73.56,113.71,-7274.62,0.01,0.0,0.59,3.05,0.63,0.46,2.04
42389363640000,9.7,89.4,118.2,83.76,72.87,112.28,-7255.92,0.01,0.0,0.48,2.96,0.68,0.49,7.27
42389363660000,9.73,90.71,116.95,83.03,72.33,110.9,-7234.84,0.01,0.0,0.42,2.97,0.75,0.48,6.66
42389363990000,6.49,70.21,79.61,56.87,62.84,78.62,-7357.33,7.31,303.64,2.51,150.08,1.07,8.97,2385.24
42389364120100,11.0,113.9,95.77,66.64,56.99,75.77,-7735.74,0.08,56.72,62.13,16.89,0.6,5.97,700.11
42389364250000,11.3,99.92,89.7,76.3,,83.67,-8144.49,0.01,0.87,3.91,0.91,,3.34,137.73
42389364270000,10.43,84.99,103.38,74.27,68.85,67.88,-7941.28,0.0,495.83,8.65,0.08,1.36,47.25,279.36
42389364400000,11.07,104.56,83.22,74.09,68.0,88.32,-8112.83,0.01,0.59,2.34,0.74,0.1,3.15,13.25
42389364400100,11.11,104.21,82.32,74.52,68.0,89.16,-8111.25,0.01,2.56,3.96,0.94,0.1,2.82,13.1
42389364410000,10.11,112.73,94.91,64.5,62.57,89.22,-7732.97,0.09,13.63,1.35,1.03,0.03,1.2,129.51
42389364420000,10.22,112.79,93.46,65.0,63.19,89.69,-7740.61,0.07,14.14,0.27,0.65,0.03,0.92,207.63
42389364430100,10.3,112.41,91.99,65.49,63.58,89.53,-7753.02,0.05,14.51,0.07,0.34,0.0,0.24,315.29
42389364590000,10.41,143.1,85.35,68.05,56.07,86.46,-7001.56,0.02,37.53,6.84,6.24,0.48,6.98,58.52
42389364660000,10.81,112.01,82.85,64.65,62.79,83.57,-7972.81,0.65,2.2,28.34,0.51,1.07,5.94,218.56
42389364670000,10.76,111.59,81.43,64.19,62.8,83.14,-7991.22,0.5,1.64,42.77,0.56,1.26,5.46,134.15
42389364700000,10.69,110.8,80.77,63.77,62.87,82.79,-8005.61,0.36,1.85,42.93,0.62,1.41,4.88,96.03
42389364820000,3.94,171.41,81.36,64.01,57.94,63.96,-7519.47,1.53,8.84,18.15,4.37,1.1,2.94,1080.28
42389364860100,-0.13,182.98,82.77,64.87,57.97,67.59,-7501.3,3.1,31.42,14.26,3.25,1.0,3.47,1042.41
42389364870000,2.01,177.36,82.13,64.49,57.98,65.72,-7511.56,2.53,20.73,18.87,3.9,1.11,3.23,1129.6
42389364960100,10.27,154.07,85.23,66.9,59.51,88.55,-7039.6,0.07,59.19,8.16,16.27,5.11,18.39,949.76
42389365020000,11.23,121.91,75.68,68.54,66.77,77.77,-7924.72,0.03,112.93,8.39,0.82,0.32,1.0,97.91
42389365110000,11.24,118.7,77.69,69.77,68.06,78.21,-7926.64,0.02,126.28,7.69,1.34,0.44,0.42,71.78
42389365230000,9.65,78.84,121.26,100.18,82.95,131.82,-7486.43,0.0,0.62,0.53,0.32,0.06,0.01,8.79
42389365250000,11.14,50.56,108.19,72.19,,56.79,-7990.56,0.0,6.96,2.98,1.25,,35.74,59.62
42389365300000,9.68,79.26,121.49,99.76,82.56,130.8,-7466.85,0.0,0.61,0.35,0.48,0.11,0.02,21.98
42389365430000,12.21,180.9,92.37,80.96,70.6,99.81,-7232.62,0.06,4.69,17.1,8.26,0.64,1.43,4163.24
42389365460000,12.31,181.96,93.04,81.81,71.36,101.24,-7247.4,0.07,4.18,16.45,8.43,0.4,1.4,4393.6
42389365490000,4.61,191.04,100.46,24.47,22.77,95.04,-7282.04,0.16,13.74,2.77,13.47,64.63,8.14,714.97
42389365860000,10.15,91.43,114.59,90.39,76.6,113.33,-7206.54,0.01,0.04,0.08,3.63,1.74,1.14,11.02
42389365880000,10.13,90.34,115.82,91.34,77.15,114.79,-7224.96,0.01,0.02,0.04,3.31,1.54,1.01,16.01
42389365920000,9.95,69.29,107.8,74.62,71.54,92.07,-7150.2,0.01,11.07,4.66,0.37,0.01,4.11,36.38
42389366020000,11.09,55.44,116.79,91.0,97.1,115.03,-7933.3,0.25,4.9,4.64,13.69,1.58,1.43,242.01
42389366050000,9.38,103.52,103.69,81.7,82.14,103.03,-7799.25,0.01,49.74,5.9,2.83,0.08,1.89,425.1
42389366090000,11.0,56.93,116.89,88.23,96.77,114.83,-7925.18,0.23,5.93,3.83,16.14,1.28,1.2,268.37
42389366110000,10.98,57.6,116.86,86.94,96.65,114.67,-7921.64,0.24,6.47,3.67,18.63,1.23,1.18,314.0
42389366130000,8.92,97.18,111.99,87.85,86.69,130.96,-7540.95,0.0,20.44,22.38,9.72,5.05,3.12,292.52
42389366140000,8.96,98.39,113.43,88.41,87.09,130.73,-7548.42,0.0,19.96,18.86,8.78,5.35,2.74,301.59
42389366230000,9.44,104.52,102.96,82.7,82.42,102.62,-7805.56,0.01,60.23,5.91,2.07,0.07,1.9,435.39
42389366240000,9.94,110.3,90.95,69.77,63.95,90.29,-7886.27,0.01,12.44,0.24,1.56,2.15,1.6,302.59
42389366370000,9.28,73.76,108.55,84.8,79.12,107.56,-6284.41,0.05,4.61,3.62,32.64,8.35,5.5,181.37
42389366440000,11.02,110.25,76.66,73.68,69.72,90.68,-8054.91,0.03,10.91,3.61,2.14,2.93,1.83,17.98
42389366460000,9.09,75.39,106.58,79.04,76.19,105.52,-6296.75,0.0,1.57,0.6,4.67,3.18,1.07,7.95
42389366470000,8.58,164.21,85.14,53.4,52.07,81.91,-7384.43,0.04,23.26,0.18,1.18,13.01,6.14,137.68
42389366490000,8.78,165.42,81.88,43.82,56.44,63.16,-7342.01,0.01,4.29,20.04,0.58,1.07,1.57,0.26
42389366530000,10.35,112.42,84.1,75.06,54.89,83.93,-7769.52,0.09,465.47,72.74,12.49,22.0,36.31,3725.04
42389366540000,9.63,166.4,88.39,60.13,64.2,82.62,-6908.64,0.0,5.92,20.42,0.34,1.16,0.19,266.18
42389366560000,9.59,83.02,123.23,88.35,76.09,119.63,-7355.21,0.01,0.03,1.13,2.97,0.37,0.33,3.95
42389366580000,9.56,81.79,123.46,89.32,76.79,121.14,-7375.94,0.01,0.06,1.23,3.01,0.31,0.28,6.91
42389366710000,11.12,37.9,85.31,81.8,76.7,85.84,-7878.78,0.0,3.4,109.28,1.51,1.86,0.26,4461.62
42389366820000,10.86,106.62,84.67,66.95,57.24,83.93,-7661.31,0.13,25.58,1.37,6.56,9.57,0.4,286.99
42389366850000,11.18,104.18,83.18,68.32,55.8,84.8,-7664.11,0.16,17.93,0.45,5.79,16.1,0.62,197.7
42389366860000,10.34,77.88,90.22,69.08,,86.96,-7699.69,0.02,80.73,0.06,1.11,,2.83,3.75
42389366920000,9.1,87.61,122.55,69.87,69.97,105.34,-7161.78,0.0,0.56,1.89,0.16,0.0,1.77,108.6
42389366940000,9.07,87.05,123.39,69.9,70.43,106.29,-7176.39,0.0,0.32,2.25,0.2,0.0,2.01,108.81
42389366990000,9.03,86.49,124.25,69.95,70.88,107.27,-7191.01,0.0,0.15,2.69,0.28,0.01,2.32,111.75
42389367020000,9.0,85.82,125.03,70.02,71.32,108.16,-7204.85,0.0,0.06,3.16,0.34,0.02,2.62,112.39
42389367050000,9.39,83.1,117.82,71.0,71.38,101.82,-7186.49,0.02,2.88,5.63,0.64,0.01,4.73,13.41
42389367080000,9.47,81.96,116.28,71.14,70.65,99.81,-7139.56,0.02,6.64,4.33,0.75,0.1,3.27,7.04
42389367120000,-3.44,156.17,74.14,62.93,60.06,84.54,-7001.63,27.11,0.19,4.79,0.35,0.12,0.84,3640.48
42389367130000,8.29,176.76,81.24,42.48,57.66,70.35,-7206.45,0.36,45.77,25.09,24.05,1.51,11.53,1802.59
42389367150000,9.23,122.34,85.8,59.9,62.22,78.39,-7552.1,0.03,1.01,7.21,1.02,0.56,2.32,464.58
42389367210000,10.11,101.89,89.54,74.82,71.97,88.47,-7001.73,0.01,159.52,11.87,8.92,6.12,42.66,7716.59
42389367220000,10.26,102.5,89.39,74.93,72.4,87.71,-7021.24,0.01,142.33,8.02,6.52,4.4,37.57,6715.27
42389367270000,5.59,175.62,89.31,29.38,40.13,83.58,-7340.84,1.51,15.61,1.61,61.5,70.59,10.49,65.99
42389367290000,11.25,85.25,80.62,67.51,65.84,80.59,-7757.03,0.11,96.47,0.38,0.34,5.62,0.56,1041.65
42389367330000,9.72,79.62,121.69,99.31,82.17,129.84,-7448.03,0.0,0.62,0.2,0.65,0.17,0.03,40.74
42389367420000,9.69,62.35,132.65,93.18,84.81,115.16,-6650.19,0.04,7.94,0.01,10.46,0.15,0.88,416.64
42389367440000,9.62,58.84,132.5,92.24,83.87,112.95,-6625.43,0.06,11.45,0.03,14.14,0.15,1.35,515.38
42389367500000,11.54,51.92,107.27,103.03,101.35,114.22,-8056.99,0.13,11.62,9.11,1.77,2.53,3.05,556.25
42389367670000,8.03,143.9,96.39,60.74,70.31,90.47,-7941.84,0.03,46.72,0.39,0.94,1.66,3.18,555.85
42389368170000,10.25,98.71,90.12,63.59,65.13,82.54,-8024.7,0.01,58.13,0.18,2.68,1.65,0.85,437.02
42389368190000,10.28,100.49,89.88,63.9,65.07,83.11,-8021.11,0.02,58.29,0.83,3.33,1.58,0.93,441.96
42389368250000,6.55,168.38,72.25,59.21,60.16,81.85,-6967.6,2.4,7.91,0.25,10.58,0.56,5.24,5442.41
42389368300000,10.29,107.95,87.86,64.3,64.74,85.47,-8000.61,0.07,37.53,5.03,6.17,1.39,2.61,478.22
42389368420100,13.15,49.45,82.4,66.13,62.63,38.92,-6648.68,0.17,87.48,3.47,0.58,0.19,1.69,43.96
42389368440000,11.77,112.67,79.29,61.47,60.56,79.18,-8014.97,0.1,0.17,63.5,0.4,1.05,0.71,15.1
42389368450000,7.39,143.55,93.87,56.2,70.35,91.01,-7939.41,0.12,30.11,0.32,4.7,1.39,1.29,642.76
42389368460000,7.73,146.59,90.82,56.89,64.3,91.18,-7843.64,1.01,23.14,5.07,17.97,4.02,6.04,605.68
42389368520000,10.27,105.3,78.4,69.92,58.65,80.37,-7703.35,0.01,350.55,1.61,0.19,7.36,0.63,1307.22
42389368550000,11.07,55.02,116.91,91.56,97.13,115.19,-7935.49,0.26,4.94,4.98,11.8,1.81,1.53,223.32
42389368600000,10.62,114.65,80.36,78.36,34.51,97.05,-7148.78,0.07,2.24,19.25,4.67,40.55,0.18,619.72
42389368730000,9.55,62.01,143.09,116.16,105.56,145.02,-7163.13,0.0,0.89,0.64,0.01,0.65,0.13,71.16
42389368740000,9.35,111.34,117.73,90.23,85.59,125.44,-7684.52,0.0,7.07,0.77,1.72,2.58,0.19,16.11
42389368750000,9.51,105.85,102.12,83.78,82.73,102.15,-7810.79,0.0,68.63,5.56,1.27,0.05,1.81,408.56
42389368760000,9.66,137.95,103.53,70.34,69.41,85.89,-7931.5,0.04,200.04,2.72,2.6,3.67,22.95,874.06
42389368770000,9.37,73.86,115.98,97.91,83.24,133.66,-7512.17,0.0,0.5,0.34,1.34,0.01,0.01,17.64
42389368800000,9.39,74.46,118.48,97.27,82.65,132.59,-7502.07,0.0,0.4,0.1,1.65,0.02,0.03,11.26
42389368820000,9.37,96.79,115.74,75.67,79.79,119.02,-7821.07,0.0,6.64,1.08,3.01,1.73,0.05,108.15
42389368840000,9.35,95.41,115.83,72.9,79.58,118.59,-7826.32,0.0,7.0,1.01,2.11,2.07,0.05,106.95
42389368860000,10.91,126.06,86.06,57.56,69.29,76.59,-7620.53,0.01,188.1,20.65,50.5,2.02,3.95,492.65
42389368870000,10.77,130.21,86.84,58.52,68.84,77.54,-7611.5,0.01,237.08,19.21,53.27,1.45,5.21,403.64
42389369160000,10.6,154.59,97.62,78.48,72.79,107.21,-7609.63,0.0,0.73,3.16,0.11,0.19,0.98,4146.1
42389369220000,9.48,86.76,80.52,49.06,63.7,80.35,-8093.56,0.22,0.09,1.48,25.81,0.02,2.26,0.81
42389369340000,9.52,61.91,143.09,115.84,104.88,144.79,-7136.37,0.0,0.97,0.79,0.02,0.84,0.14,94.48
42389369460000,-16.43,141.95,79.3,67.19,61.32,83.08,-7009.63,4.36,8.82,0.73,0.42,0.07,0.87,91.42
42389369550000,5.97,63.54,86.31,40.74,66.1,73.91,-7480.05,3.22,256.57,21.26,31.82,3.02,2.36,4582.94
42389369600000,9.96,150.83,97.58,70.85,48.45,99.08,-7135.12,0.0,4.86,0.69,0.13,7.9,0.16,231.18
42389369660000,11.19,50.21,95.18,84.78,77.63,89.81,-8034.44,0.01,1.68,4.24,1.06,1.48,0.46,12541.33
42389369700000,11.19,52.49,95.98,85.88,78.29,90.69,-8114.49,0.01,0.61,2.12,0.19,0.46,0.34,5179.07
42389369710000,10.05,69.27,139.63,117.29,103.51,142.03,-7226.23,0.01,1.18,0.06,0.08,0.02,0.25,182.31
42389369730000,11.02,84.03,101.95,96.41,84.8,97.85,-8040.83,0.0,2.24,0.04,0.07,0.01,0.1,19.63
42389369730100,11.12,81.5,102.35,96.82,85.04,98.56,-8046.79,0.01,8.19,0.18,0.23,0.12,0.55,42.71
42389369810000,7.84,189.62,105.5,37.15,53.91,81.81,-7235.34,0.76,5.37,2.16,9.67,22.29,32.17,59.52
42389369850000,8.89,69.87,90.3,59.15,,88.31,-7938.43,0.09,0.56,4.22,1.24,,15.47,773.83
42389369890000,10.35,145.07,119.4,83.47,72.23,117.34,-7538.66,0.09,37.49,2.99,0.02,0.4,3.74,101.53
42389369900000,9.0,99.87,115.04,88.93,87.44,130.41,-7556.67,0.0,19.61,14.26,7.67,6.03,2.31,328.59
42389369910000,9.03,101.57,116.73,89.47,87.81,130.07,-7570.37,0.0,19.66,10.01,6.54,6.57,1.98,352.25
42389369920000,9.07,103.02,118.23,89.93,88.09,129.76,-7584.0,0.0,19.76,6.88,5.66,7.29,1.67,392.31
42389369940000,9.55,80.71,123.67,90.23,77.42,122.48,-7388.91,0.01,0.08,1.33,3.15,0.28,0.26,6.1
42389369960000,9.52,79.55,123.89,91.07,78.06,123.88,-7403.47,0.01,0.1,1.31,2.94,0.22,0.21,3.52
42389370360000,10.37,74.21,91.26,72.24,60.99,76.83,-7854.76,0.0,292.37,20.01,1.07,1.79,69.49,2481.24
42389370360100,10.37,74.0,91.3,72.24,60.99,76.76,-7855.21,0.0,293.29,19.9,1.07,1.78,69.71,2491.85
42389370370000,10.37,76.17,138.45,114.56,100.98,136.2,-7600.64,0.0,0.4,0.16,0.14,0.53,0.04,733.01
42389370380100,12.87,50.53,74.89,62.51,61.36,47.72,-6778.0,0.36,126.35,0.97,0.6,0.41,36.91,2884.5
42389370440000,9.42,82.59,117.24,71.07,71.14,101.08,-7171.1,0.02,3.92,5.32,0.7,0.03,4.31,9.25
42389370450000,9.45,82.19,116.68,71.14,70.91,100.38,-7155.19,0.02,5.6,5.03,0.77,0.06,3.96,7.91
42389370510000,9.79,110.91,91.35,68.96,64.4,90.53,-7882.25,0.04,25.75,1.02,0.6,1.49,3.51,131.75
42389370580000,10.45,76.78,138.35,115.48,101.55,136.1,-7570.81,0.0,0.37,0.17,0.13,0.46,0.05,392.8
42389370640000,11.07,55.56,100.69,67.86,,58.0,-8015.4,0.0,1.86,9.45,4.97,,22.49,22.17
42389370710000,8.82,85.6,126.78,70.37,73.73,113.14,-7276.23,0.01,1.41,5.56,0.82,0.3,4.91,142.43
42389370720000,8.77,85.51,126.83,70.45,74.28,114.22,-7292.89,0.01,2.31,6.2,0.92,0.43,5.6,153.67
42389370730000,8.74,85.46,126.93,70.52,74.78,115.22,-7307.23,0.01,3.28,6.6,0.97,0.54,5.99,152.07
42389370740000,8.71,85.9,125.98,70.68,75.26,116.21,-7323.8,0.01,4.05,5.19,0.93,0.63,6.0,182.69
42389370760000,6.68,93.93,75.48,68.06,62.84,80.27,-6828.64,0.06,1.04,0.51,0.19,0.06,1.63,680.35
42389370790000,10.82,154.64,78.6,70.27,64.86,86.04,-6724.57,0.14,381.76,7.73,1.44,0.84,108.47,207.72
42389370800000,11.06,87.58,101.44,96.26,84.45,96.14,-8046.47,0.03,58.31,1.24,1.67,0.35,3.24,309.47
42389370810000,11.2,86.14,101.51,96.83,84.41,95.28,-8064.98,0.03,51.59,1.06,1.73,0.43,3.79,258.76
42389370820000,11.19,85.3,101.33,96.02,84.06,93.94,-8080.2,0.02,30.92,0.72,1.11,0.35,3.2,199.37
42389370910000,7.6,188.09,105.59,36.06,53.17,81.5,-7248.49,0.9,8.72,2.67,15.57,28.62,30.81,86.08
42389370980000,9.47,77.24,111.25,90.82,77.64,109.46,-6210.09,0.03,0.23,1.75,15.16,0.62,2.97,209.57
42389371040000,10.07,92.61,76.24,65.28,60.49,80.15,-7888.51,0.27,107.04,19.89,4.15,9.17,27.66,59.21
42389371080000,10.01,95.3,74.53,64.91,59.88,80.69,-7897.98,0.26,108.11,19.82,3.12,8.18,29.66,24.67
42389371130000,9.88,115.66,85.33,59.74,62.57,79.62,-7849.96,0.29,290.04,2.28,14.44,2.19,0.03,48.44
42389371200100,5.64,170.06,72.64,49.02,58.39,75.68,-7119.21,0.85,13.98,0.51,12.74,1.06,3.32,4215.11
42389371270000,9.51,78.6,117.95,64.28,88.2,116.62,-7812.88,0.02,25.74,0.02,6.97,8.08,0.86,197.96
42389371280000,9.48,77.89,116.99,59.68,88.58,115.95,-7772.15,0.02,16.41,0.01,2.81,7.06,0.57,519.91
42389371300000,8.93,82.02,136.16,94.05,83.15,135.5,-7829.49,0.01,9.02,0.04,1.14,1.4,0.02,158.7
42389371330000,9.44,77.26,116.36,55.82,88.13,115.34,-7757.78,0.01,10.17,0.02,2.09,5.55,0.37,1514.09
42389371340000,8.96,85.78,125.95,70.1,71.82,109.2,-7219.91,0.0,0.03,3.09,0.32,0.04,2.45,92.39
42389371380000,8.92,85.84,126.47,70.17,72.31,110.27,-7234.51,0.0,0.12,3.45,0.43,0.08,2.89,101.38
42389371470000,11.51,66.93,104.68,96.34,89.05,102.79,-8067.43,0.1,6.1,0.08,9.13,1.01,0.25,452.98
42389371490000,7.22,169.14,86.96,42.74,46.56,82.6,-7363.53,0.39,18.24,0.58,15.25,32.12,7.98,127.41
42389371500000,6.39,164.34,98.09,43.27,12.49,99.85,-7399.25,0.48,53.69,0.29,49.18,0.56,3.71,76.38
42389371510100,10.35,103.0,88.82,74.45,72.28,86.86,-7035.74,0.02,141.07,7.37,4.57,2.97,38.23,6168.65
42389371540000,10.5,109.35,86.14,65.5,58.41,82.87,-7657.84,0.09,21.72,3.02,4.99,6.13,0.71,462.92
42389371550000,11.48,66.47,105.71,95.29,89.63,104.72,-8037.6,0.07,4.38,0.15,4.24,1.17,0.34,515.96
42389371570000,7.65,167.59,86.4,46.18,48.2,82.38,-7369.99,0.24,19.4,0.37,9.25,25.61,7.47,139.73
42389371620000,10.32,105.06,88.57,64.27,64.86,84.45,-8009.18,0.04,46.57,1.14,5.09,1.45,1.7,513.46
42389371640000,10.3,154.17,87.65,67.83,60.93,90.49,-7048.8,0.05,49.32,4.7,14.31,9.37,18.29,997.92
42389371720000,8.93,67.76,92.23,59.52,,88.31,-7938.88,0.1,0.86,4.6,1.31,,16.05,582.46
42389371740000,10.67,133.61,85.53,68.94,62.38,87.02,-7697.11,0.02,17.43,3.75,0.51,0.16,1.44,210.42
42389371750000,10.59,111.78,85.2,72.54,65.68,82.72,-7251.44,0.02,1.15,27.96,5.63,4.72,6.12,950.05
42389371800000,10.67,118.71,85.21,72.7,65.58,83.5,-7249.11,0.02,0.99,24.98,5.48,4.4,5.01,958.03
42389371830000,10.76,125.51,86.0,73.02,65.68,84.54,-7249.46,0.02,1.13,26.3,5.91,4.56,4.98,1047.25
42389371860000,8.86,163.86,82.19,46.41,56.64,63.13,-7353.2,0.01,3.11,15.07,0.53,1.53,1.53,1.08
42389371910200,8.73,168.66,86.87,42.46,57.31,65.05,-7336.26,0.01,0.47,3.95,0.4,0.1,0.83,0.77
42389371910300,8.71,166.57,81.51,42.01,56.29,63.16,-7334.36,0.01,4.89,25.34,0.58,0.87,1.68,1.95
42389371970000,11.23,79.04,71.83,69.07,,74.93,-8086.66,0.09,14.6,1.5,4.05,,9.33,40.11
42389371990100,10.96,63.66,100.3,86.81,83.83,97.6,-8280.53,0.36,6.11,0.03,13.54,0.91,2.42,140.27
42389372000000,11.23,63.6,100.19,88.71,83.62,97.58,-8283.26,0.45,6.85,0.03,17.33,1.06,2.7,98.87
42389372070000,10.09,89.28,116.78,91.95,77.47,116.05,-7243.85,0.01,0.0,0.01,3.17,1.44,0.86,28.42
42389372090000,10.07,88.23,117.67,92.88,78.0,117.47,-7261.46,0.01,0.0,0.0,2.52,1.11,0.64,35.53
42389372130000,10.73,89.63,78.09,61.31,63.08,76.51,-8096.31,0.52,1.14,0.25,53.09,0.23,3.69,0.75
42389372160000,8.79,174.16,85.49,40.22,56.88,66.41,-7274.91,0.09,25.96,27.98,6.29,0.76,5.86,427.81
42389372180000,10.34,91.55,79.01,58.41,62.37,77.31,-8097.85,0.31,1.58,0.1,29.21,0.05,2.45,0.82
42389372240000,10.03,59.76,98.38,74.9,70.09,83.73,-7168.78,0.0,1.41,10.29,0.62,0.83,6.23,5.17
42389372250000,10.05,59.99,97.67,74.78,69.92,83.44,-7185.05,0.0,2.16,11.43,0.62,0.87,6.54,5.77
42389372320000,10.1,65.13,95.73,74.5,69.47,83.08,-7222.89,0.0,7.92,16.43,0.66,1.03,8.22,5.12
42389372330000,10.14,69.2,95.1,74.48,69.31,83.35,-7233.69,0.0,6.76,17.52,0.67,1.05,7.91,4.11
42389372340000,8.92,151.41,79.82,57.56,56.99,62.35,-7470.93,0.58,5.49,9.36,1.83,3.53,4.19,751.01
42389372350000,10.18,73.03,94.86,74.49,69.18,83.65,-7243.96,0.0,5.42,17.6,0.68,1.08,7.68,3.97
42389372360000,8.99,153.88,79.3,56.83,56.19,62.59,-7448.46,0.4,2.79,13.6,2.49,4.22,2.83,540.15
42389372390000,8.97,174.97,88.08,40.82,57.02,66.23,-7284.3,0.04,16.15,20.9,2.86,0.47,4.57,236.58
42389372430000,9.21,125.39,76.05,52.81,47.6,87.42,-6900.06,0.18,33.86,2.53,16.27,21.36,1.93,6168.48
42389372470000,4.96,192.34,100.58,27.38,24.62,96.1,-7271.96,0.1,16.55,1.75,10.26,52.0,5.82,921.29
42389372530000,8.57,176.62,83.75,41.73,57.43,69.11,-7231.6,0.28,46.77,27.21,17.68,1.43,10.87,1480.16
42389372540000,10.96,83.57,113.67,106.79,92.77,116.94,-6714.25,0.01,3.55,4.53,5.57,2.02,4.02,6.86
42389372560000,7.85,175.4,78.1,42.83,57.82,71.11,-7187.75,0.32,39.49,23.52,27.07,1.21,11.26,2074.42
42389372580000,10.4,80.65,135.04,112.49,96.85,134.56,-7436.94,0.0,1.4,1.94,2.04,4.05,0.33,1152.58
42389372640100,10.02,173.83,98.2,60.68,67.42,83.82,-7009.87,0.01,26.21,25.43,6.94,4.9,21.54,2410.87
42389372650000,10.15,190.62,102.37,55.57,64.23,83.95,-7106.72,0.1,11.97,28.26,0.33,1.28,24.4,181.93
42389372700000,7.91,190.58,103.14,49.56,47.08,98.19,-7181.04,0.09,6.01,0.45,0.62,22.3,2.35,215.16
42389372980000,10.45,135.98,92.67,74.17,49.68,96.2,-7089.32,0.0,6.98,0.38,1.22,6.19,0.75,220.03
42389373000000,10.68,129.03,90.37,75.59,50.68,94.61,-7060.36,0.0,9.51,0.28,2.43,5.8,1.31,267.38
42389373170000,11.35,76.63,101.15,75.73,,59.09,-8068.74,0.02,17.82,5.07,6.26,,2.49,476.06
42389373190000,11.34,74.04,101.7,75.28,,57.9,-8066.25,0.02,21.94,4.06,6.64,,2.65,527.84
42389373197000,11.12,68.37,97.96,70.95,,57.36,-8052.12,0.0,1.16,2.21,0.8,,0.01,0.57
42389373340000,9.18,81.31,111.26,66.77,81.07,108.94,-7916.61,0.03,23.22,0.23,3.13,2.64,0.67,325.45
42389373430000,8.96,111.54,87.02,61.12,57.23,91.64,-7607.6,1.25,52.42,10.27,45.5,0.0,10.02,80.76
42389373490000,7.75,171.44,94.8,55.11,29.21,102.11,-7285.41,0.03,65.25,39.1,10.26,22.67,0.74,342.48
42389373500000,10.87,109.36,78.9,64.73,66.76,80.92,-7072.57,0.03,20.51,2.8,0.27,0.48,7.8,3133.44
42389373510000,8.88,85.75,126.55,70.26,72.92,111.47,-7252.55,0.0,0.4,3.81,0.46,0.14,3.26,102.1
42389373700000,9.52,95.87,89.75,63.44,,85.74,-7641.45,0.22,67.87,1.63,9.65,,5.8,27.67
42389373710000,9.68,91.13,89.49,64.47,,83.8,-7646.51,0.1,73.65,1.62,4.53,,6.04,10.59
42389373720000,12.46,59.53,80.92,66.68,62.97,49.24,-6672.51,0.26,143.68,5.11,0.99,0.33,4.26,247.13
42389373880000,10.73,75.29,113.71,106.43,92.07,116.35,-6605.66,0.02,5.88,3.16,5.13,0.22,2.11,8.96
42389373890000,9.48,110.78,77.15,55.16,53.16,90.1,-6520.0,0.01,69.22,0.07,1.14,0.16,4.04,2343.19
42389373920000,10.77,77.8,112.54,105.23,91.69,115.54,-6653.26,0.02,4.74,3.42,5.7,0.7,2.78,3.55
42389374030000,-0.6,159.96,73.61,59.25,59.06,82.94,-7077.27,6.73,2.1,2.18,0.16,0.1,0.06,2019.24
42389374070000,8.91,92.17,129.73,94.42,89.0,127.45,-7762.13,0.07,19.11,7.33,4.15,10.58,0.52,1149.33
42389374380000,10.52,77.26,138.31,116.39,102.2,136.04,-7548.15,0.0,0.45,0.22,0.14,0.5,0.08,353.48
42389374410000,-19.51,186.25,76.67,55.79,64.97,72.98,-7440.93,212.15,283.67,2.28,6.98,0.72,3.73,323.57
42389374430000,10.21,143.57,95.12,72.44,49.22,97.6,-7111.47,0.0,6.33,0.52,0.58,7.42,0.43,238.67
42389374440000,10.33,139.76,93.94,73.27,49.53,96.85,-7099.76,0.0,7.33,0.42,0.93,7.08,0.58,234.1
42389374470000,9.46,76.74,122.87,93.9,80.08,127.93,-7447.52,0.01,0.25,1.11,2.84,0.12,0.13,3.26
42389374550000,9.5,78.4,124.08,92.02,78.73,125.31,-7418.1,0.01,0.15,1.41,2.94,0.17,0.16,3.35
42389374620000,10.35,83.75,130.2,109.03,91.79,132.11,-7353.11,0.0,0.08,0.81,0.81,1.24,0.17,9.41
42389374630000,10.44,84.37,129.61,109.49,92.24,131.37,-7322.44,0.0,0.08,0.89,0.97,1.4,0.24,9.53
42389374650000,10.8,155.91,107.37,80.67,72.91,112.88,-7703.19,0.04,24.78,3.93,0.38,0.03,1.22,5.19
42389374670000,10.89,157.76,107.46,81.18,72.95,113.03,-7694.19,0.04,25.83,4.5,0.32,0.05,1.38,4.21
42389374720000,11.1,161.53,107.9,82.39,72.87,112.94,-7668.23,0.05,28.49,5.41,0.22,0.06,1.74,8.8
42389374890000,-16.81,112.23,79.05,55.58,63.49,68.57,-7354.17,15.25,791.2,0.15,208.62,1.85,2.52,7148.89
42389374920000,10.24,78.13,89.66,68.34,,85.22,-7692.26,0.01,121.53,0.51,0.48,,3.88,11.75
42389374940000,10.18,77.17,89.34,67.82,,83.9,-7683.26,0.01,121.21,0.86,0.52,,5.49,85.87
42389374960000,9.16,102.87,111.13,66.89,75.49,109.94,-7832.91,0.0,7.37,0.49,3.76,0.02,0.22,135.72
42389375050100,8.65,164.05,73.97,62.01,60.53,84.61,-6882.29,0.13,36.64,0.32,0.73,0.4,1.14,1708.66
42389375060000,8.71,167.44,74.91,61.64,60.64,83.67,-6907.21,0.1,26.3,0.27,0.85,0.07,1.16,1362.05
42389375160000,10.7,133.23,79.95,69.4,66.59,92.46,-7946.84,0.0,1.01,1.65,0.25,1.19,2.63,18.72
42389375200000,10.78,158.69,98.14,79.41,73.47,108.29,-7629.56,0.0,0.8,5.38,0.29,0.2,1.15,5282.46
42389375260000,10.71,157.39,97.64,79.04,73.39,107.85,-7613.41,0.0,0.94,3.73,0.2,0.19,0.95,4585.28
42389375290000,9.44,76.16,121.83,94.63,80.69,129.05,-7461.69,0.01,0.27,0.66,2.35,0.07,0.08,2.59
42389375310000,3.73,152.01,72.09,65.3,60.91,86.3,-6878.71,4.21,29.61,1.17,1.09,0.13,0.12,16.5
42389375330000,9.42,75.61,120.74,95.42,81.3,130.16,-7475.88,0.01,0.31,0.42,2.14,0.05,0.06,3.66
42389375400000,11.03,137.04,76.52,67.06,63.5,83.26,-7952.83,0.07,5.57,0.96,0.15,2.61,8.91,57.59
42389375500000,10.24,112.18,98.65,91.08,84.25,98.1,-7911.68,0.0,162.73,3.63,0.94,0.03,1.31,694.27
42389375530000,10.99,163.18,98.07,80.19,73.99,108.9,-7620.51,0.01,0.96,6.48,0.68,0.16,1.02,5291.26
42389375580000,10.51,89.42,76.16,66.66,63.94,78.02,-7882.99,0.31,33.5,7.89,15.9,16.44,8.88,312.99
42389375600000,10.23,85.16,78.26,64.71,62.69,78.22,-7868.06,0.15,33.83,9.8,7.19,7.58,8.15,193.04
42389375700000,9.53,135.73,88.63,72.51,61.43,93.21,-7540.41,0.0,59.82,0.3,2.93,12.06,0.33,67.18
42389375770000,6.49,171.47,72.91,48.04,58.5,74.88,-7118.8,0.67,18.86,1.48,22.82,1.35,6.61,5021.51
42389375810000,9.7,74.55,121.9,81.14,89.65,118.25,-7878.88,0.03,33.0,0.73,17.27,5.53,1.15,27.02
42389375840000,6.99,172.34,73.14,46.56,58.41,73.87,-7130.86,0.42,22.83,3.66,28.65,1.41,8.95,4811.93
42389375940000,8.81,170.63,75.81,61.06,60.82,82.9,-6927.74,0.07,22.62,0.29,0.95,0.04,1.23,1274.05
42389376120100,10.53,74.22,140.23,119.36,105.96,138.3,-7498.86,0.01,1.29,0.11,0.05,0.02,0.34,12.98
42389376140000,9.41,75.02,119.67,96.47,82.03,131.47,-7491.24,0.01,0.41,0.2,1.97,0.03,0.03,5.44
42389376200000,9.95,100.85,74.94,60.39,59.78,82.51,-6397.18,0.05,123.97,0.71,3.11,3.2,19.47,1211.26
42389376350000,8.23,177.97,76.57,55.79,60.1,78.51,-7046.76,0.38,6.43,0.51,23.82,0.8,7.36,3225.66
42389376360000,8.88,181.42,77.85,58.34,60.66,79.56,-7031.16,0.15,2.06,0.02,6.17,0.31,1.97,1009.16
42389376460000,10.15,70.5,140.59,113.84,103.95,136.98,-7746.16,0.0,2.13,0.59,0.14,1.84,0.12,45.48
42389376480000,10.08,69.77,140.34,112.79,103.62,136.7,-7773.78,0.0,1.98,0.61,0.2,2.14,0.07,64.03
42389376490000,6.74,165.45,91.5,48.93,14.19,102.59,-7353.29,0.38,74.25,3.04,43.93,1.2,1.83,18.56
42389376510000,6.59,165.8,93.15,47.51,13.05,102.36,-7361.12,0.42,74.44,2.6,48.58,0.66,2.26,31.29
42389376560000,10.57,126.24,89.04,70.96,64.56,90.92,-7714.75,0.03,29.1,0.75,0.91,0.01,0.46,64.95
42389376600000,9.74,74.86,93.38,66.65,58.78,92.89,-6835.0,0.03,116.03,0.15,1.16,2.45,1.08,391.89
42389376600100,9.6,97.64,93.43,66.36,59.79,90.67,-6804.05,0.05,540.4,0.2,2.31,3.55,3.0,1593.31
42389376610000,8.93,160.0,80.12,50.27,55.64,62.55,-7378.19,0.02,2.7,26.32,1.43,3.42,2.4,61.95
42389376620000,10.75,133.64,86.49,69.79,63.31,88.78,-7702.61,0.03,18.99,3.07,0.35,0.13,0.66,219.63
42389376630000,5.86,167.82,97.56,36.55,14.9,96.5,-7408.73,1.21,100.74,4.92,111.47,0.73,13.0,651.43
42389376640000,10.85,130.01,87.61,70.51,64.1,89.88,-7714.01,0.05,21.72,1.96,0.53,0.05,0.32,358.64
42389376650000,8.99,158.21,78.6,53.32,54.92,62.39,-7403.0,0.14,1.32,24.79,1.62,4.37,2.36,346.43
42389376660000,9.02,156.3,78.85,55.48,55.54,62.48,-7426.44,0.29,1.77,18.53,3.33,4.64,2.47,491.3
42389376670000,10.66,88.11,77.3,59.92,63.56,76.91,-8095.52,0.51,0.67,2.32,55.09,0.08,4.14,0.91
42389376710000,8.4,49.4,138.94,90.01,84.38,128.22,-6372.51,0.07,1.27,0.6,50.02,32.92,27.74,392.69
42389376740000,9.27,81.74,111.94,87.82,74.18,108.18,-6125.04,0.06,1.41,4.69,34.56,1.81,9.71,295.85
42389376820000,10.8,102.11,82.29,70.83,66.74,82.41,-8088.46,0.0,6.6,2.89,0.88,0.91,5.68,3.19
42389376830000,10.5,106.37,87.79,72.53,71.43,85.84,-7074.05,0.04,86.28,5.71,3.29,1.79,23.57,4762.5
42389376840000,10.61,108.43,86.76,71.14,70.78,85.02,-7099.39,0.04,63.57,4.73,2.4,1.17,16.22,4532.99
42389376870000,10.08,82.95,106.0,74.73,71.26,92.46,-7241.69,0.02,5.6,18.31,0.25,0.31,13.23,15.3
42389376890000,10.1,85.97,106.14,74.73,71.24,93.01,-7250.64,0.02,3.62,19.84,0.27,0.38,14.33,6.97
42389376900000,10.13,88.78,105.9,74.75,71.15,93.24,-7260.62,0.03,2.03,20.11,0.23,0.44,14.31,2.08
42389376910000,10.15,92.05,105.92,74.78,71.11,93.73,-7269.6,0.03,1.14,21.12,0.22,0.51,15.22,0.94
42389376920000,10.2,95.99,105.84,74.99,71.06,94.25,-7275.29,0.03,0.25,20.62,0.2,0.53,15.02,4.6
42389376950000,9.97,85.23,120.26,94.78,79.07,121.19,-7314.64,0.01,0.09,0.01,2.15,0.85,0.42,70.66
42389377030000,9.1,51.87,81.61,57.68,48.83,51.51,-7348.23,0.0,72.02,4.18,1.85,23.28,195.62,4014.3
42389377240000,11.52,100.25,82.26,70.92,60.36,86.91,-7722.39,0.25,11.76,2.67,2.39,13.51,0.64,26.63
42389377270000,10.96,102.94,84.8,69.02,62.67,87.96,-7778.42,0.05,23.47,2.59,0.54,1.66,0.91,169.41
42389377380000,11.38,81.81,100.12,76.53,,61.84,-8072.65,0.02,11.76,5.33,5.47,,2.49,483.6
42389377440000,9.31,88.53,117.05,69.86,68.14,100.27,-7086.36,0.01,9.57,2.67,0.18,0.38,2.43,185.05
42389377440100,9.31,88.71,116.98,69.87,68.07,100.23,-7085.11,0.01,9.96,2.57,0.19,0.42,2.42,195.16
42389377460000,9.35,90.16,115.32,69.84,67.53,99.14,-7060.78,0.01,12.29,1.78,0.23,0.58,1.91,213.69
42389377530000,9.42,73.14,106.51,83.85,85.42,107.31,-6552.51,0.01,25.51,1.24,13.5,15.44,3.58,61.32
42389377540000,9.36,88.74,118.09,71.45,72.48,104.96,-7258.24,0.03,0.07,5.39,0.62,0.1,6.57,35.83
42389377560000,9.33,90.16,118.24,71.45,72.72,105.84,-7273.53,0.03,0.37,4.95,0.57,0.15,6.56,43.53
42389377570000,9.34,91.84,118.0,71.66,72.88,106.51,-7286.14,0.04,0.85,4.41,0.55,0.2,7.0,56.64
42389377580000,9.26,94.81,117.97,71.84,73.36,108.99,-7314.75,0.08,5.7,5.26,0.78,0.73,13.77,195.19
42389377630000,9.37,100.56,90.04,62.51,,87.87,-7635.68,0.44,64.31,1.77,18.82,,5.89,15.42
42389377640000,9.82,87.05,89.06,65.39,,82.07,-7651.48,0.04,80.94,1.76,2.06,,6.93,3.51
42389377650000,9.96,82.29,88.72,66.28,,80.83,-7658.9,0.01,79.51,1.63,0.67,,7.58,17.81
42389377760000,10.2,73.46,115.48,103.19,83.34,114.36,-6383.89,0.06,3.79,7.35,17.37,0.06,2.67,311.47
42389377780000,10.15,74.27,115.6,102.74,82.36,114.16,-6369.74,0.05,3.52,7.67,17.52,0.06,2.89,435.85
42389377840000,10.43,101.02,76.07,60.44,64.2,85.22,-7290.86,0.42,104.07,1.17,8.92,3.59,27.81,1627.85
42389377860000,9.26,93.14,118.34,71.62,73.19,108.21,-7301.95,0.07,3.64,6.45,0.78,0.56,13.01,150.23
42389377900000,9.58,139.75,84.72,70.87,31.31,100.71,-7210.22,0.01,16.97,22.85,0.33,29.16,0.02,96.21
42389377920000,9.84,134.54,84.59,72.69,32.98,99.92,-7195.09,0.01,9.91,17.27,0.45,23.22,0.04,147.04
42389378070000,10.94,108.85,79.09,73.07,69.07,90.24,-8077.09,0.01,0.46,1.68,0.81,0.83,1.92,1.24
42389378070100,11.05,108.14,77.29,74.0,70.08,90.55,-8075.69,0.02,7.35,4.25,1.49,1.82,1.76,8.14
42389378230000,10.3,98.5,77.67,64.54,,89.36,-7953.05,0.05,7.13,11.52,5.87,,0.25,268.64
42389378360000,10.22,81.58,136.95,107.08,97.21,134.03,-6850.06,0.1,15.53,1.63,15.72,23.12,0.53,472.0
42389378410000,10.43,104.8,88.3,73.48,71.86,86.37,-7057.22,0.03,112.76,6.47,3.72,2.26,30.41,5423.08
42389378420000,9.58,79.36,104.37,85.96,86.96,104.86,-6627.01,0.01,71.52,2.44,11.33,9.27,7.2,94.11
42389378470000,9.69,64.01,100.79,77.38,85.04,97.81,-8297.69,0.17,4.62,0.1,5.15,0.84,2.25,107.55
42389378500000,10.03,87.14,118.55,93.48,78.31,118.74,-7280.52,0.01,0.02,0.0,2.6,1.1,0.6,50.76
42389378720000,9.72,63.47,91.63,71.89,67.21,77.98,-7116.27,0.02,70.43,19.59,3.51,2.91,6.53,881.59
42389378730000,9.75,62.7,89.88,71.68,66.93,77.4,-7136.73,0.02,44.97,20.08,3.4,2.9,6.61,825.68
42389378760000,9.2,121.04,84.52,57.71,63.7,76.07,-7655.84,0.0,57.32,3.55,2.39,0.07,0.51,107.44
42389378770000,5.56,191.93,100.74,32.14,29.89,96.51,-7253.61,0.08,14.37,0.94,6.4,46.93,5.36,898.44
42389378780000,9.1,123.48,88.24,58.17,63.25,75.43,-7629.43,0.02,25.44,9.5,1.68,0.04,2.36,213.19
42389378810000,6.11,191.27,100.95,36.6,33.66,97.07,-7236.15,0.08,14.93,0.89,4.44,44.47,4.83,901.16
42389378820000,6.61,190.64,101.86,40.87,37.24,97.65,-7219.5,0.09,15.65,0.77,2.96,42.68,4.33,924.51
42389378830000,7.07,190.02,102.65,45.2,40.81,98.25,-7202.98,0.1,16.31,0.78,1.91,40.03,3.82,928.72
42389379000000,10.32,109.54,88.2,67.5,62.55,88.54,-7799.74,0.08,30.99,6.02,2.31,1.19,0.54,1445.5
42389379020000,10.13,110.77,89.07,67.14,62.85,88.8,-7814.63,0.03,32.08,5.35,1.61,0.91,0.47,1615.36
42389379030000,9.98,111.96,89.21,66.75,63.16,89.09,-7829.87,0.01,26.31,4.69,1.11,1.15,0.42,1577.01
42389379060000,9.91,112.78,89.35,66.56,63.41,89.42,-7837.41,0.01,16.72,3.02,0.69,1.12,0.42,1325.31
42389379080000,10.61,80.56,135.93,115.48,99.89,134.64,-7438.46,0.0,0.33,0.4,0.37,0.79,0.1,487.06
42389379090000,9.89,113.4,89.26,66.3,63.08,89.46,-7855.84,0.01,8.68,1.28,0.18,1.56,0.45,897.09
42389379110000,9.85,114.13,89.15,66.02,62.22,89.45,-7867.26,0.03,3.18,1.34,0.04,2.04,0.62,610.64
42389379170000,9.91,83.46,121.07,96.21,79.96,123.68,-7348.52,0.0,0.2,0.0,1.65,0.61,0.25,94.09
42389379190000,9.94,84.37,120.71,95.48,79.51,122.41,-7331.2,0.0,0.13,0.01,1.9,0.73,0.33,85.61
42389379220000,6.87,179.0,97.96,32.47,50.77,77.12,-7313.42,1.24,15.01,1.78,29.76,40.66,32.77,128.73
42389379230000,6.63,176.98,95.65,31.67,50.02,77.01,-7327.37,1.54,16.53,1.02,50.26,48.95,26.08,130.96
42389379530000,8.62,85.19,125.46,71.65,76.5,119.07,-7358.08,0.0,2.46,1.63,0.9,0.35,2.32,121.66
42389379570000,12.14,84.35,81.84,68.0,63.65,51.98,-6668.72,0.45,1532.79,8.06,2.13,0.75,242.16,592.55
42389379710000,9.25,88.03,119.1,69.94,68.82,101.9,-7114.05,0.01,6.83,3.87,0.19,0.21,3.49,212.42
42389379730000,8.8,127.06,86.63,57.44,63.02,71.36,-7607.18,0.0,19.99,6.47,1.59,0.08,4.38,270.33
42389379770000,11.4,121.82,74.67,67.13,61.95,77.02,-7919.75,0.02,45.31,1.21,0.73,0.24,0.16,21.88
42389379780000,11.42,123.1,75.43,66.6,60.68,76.92,-7925.28,0.01,43.76,0.04,0.9,0.23,0.13,12.57
42389379790000,11.3,122.79,80.42,65.25,58.52,77.38,-7935.68,0.0,21.57,8.59,1.19,0.33,0.29,160.08
42389379800000,8.81,88.64,133.34,93.82,83.21,134.93,-7760.75,0.0,0.54,1.59,0.04,0.9,0.44,369.59
42389379830000,10.19,88.32,88.7,66.13,54.2,72.3,-7586.02,0.01,7.85,0.38,2.31,13.81,24.39,80.54
42389379850000,10.34,112.2,98.68,91.88,84.32,97.6,-7927.69,0.0,175.78,3.55,1.47,0.04,1.23,773.96
42389380060000,9.89,71.94,108.33,73.63,70.78,93.7,-7033.62,0.01,31.21,2.47,1.33,0.54,1.86,25.1
42389380080000,9.85,72.1,109.24,73.48,70.92,94.08,-7059.45,0.01,27.53,3.21,1.31,0.43,2.53,23.13
42389380120000,11.88,51.41,108.64,104.26,101.08,113.55,-8025.45,0.17,7.66,7.31,3.96,1.69,2.29,397.12
42389380160100,10.96,94.91,133.11,114.55,105.73,133.1,-6815.76,0.04,5.08,4.19,4.15,0.75,0.3,98.3
42389380180000,9.78,74.17,111.18,73.21,71.2,95.23,-7112.46,0.02,19.21,5.1,1.21,0.19,4.09,18.22
42389380250000,10.78,118.58,86.17,63.46,55.98,78.66,-7983.15,0.01,14.56,52.82,1.91,1.34,1.52,332.06
42389380280000,5.56,163.08,95.29,66.05,60.57,67.93,-7660.08,5.46,87.48,2.55,0.21,0.09,12.73,2647.57
42389380300000,10.53,110.04,98.55,92.63,84.09,95.81,-7957.39,0.0,169.02,3.13,1.96,0.09,1.76,829.72
42389380310000,6.94,164.9,89.81,50.59,15.94,102.66,-7344.53,0.3,71.2,3.57,36.24,2.54,1.49,17.03
42389380340000,10.64,107.93,98.62,93.01,83.92,94.82,-7974.18,0.01,164.59,3.16,2.34,0.15,2.5,891.54
42389380420000,7.17,164.18,88.18,52.49,17.62,102.78,-7333.84,0.24,70.81,4.12,30.26,4.5,1.23,19.92
42389380430000,7.58,161.34,88.14,56.08,19.6,103.08,-7320.22,0.11,48.47,2.31,15.14,5.24,0.56,14.51
42389380480000,7.7,162.86,88.87,56.75,22.2,102.96,-7306.74,0.09,61.55,11.59,14.57,11.69,0.58,28.85
42389380500000,9.31,103.17,105.2,79.12,80.89,104.16,-7799.15,0.01,50.61,6.09,4.81,0.07,1.93,474.54
42389380560000,9.02,91.09,127.31,95.03,89.08,133.25,-7656.35,0.0,1.33,1.91,0.18,1.84,0.15,844.89
42389380570000,9.33,102.95,104.53,80.4,81.65,103.61,-7798.17,0.01,51.46,6.35,3.71,0.06,1.98,445.13
42389380680000,10.13,79.27,88.97,67.28,,82.51,-7672.08,0.01,128.64,1.48,0.44,,8.65,140.38
42389380700000,10.42,65.81,113.46,72.05,91.8,111.75,-7906.26,0.22,9.66,1.65,70.28,1.64,0.86,1119.97
42389380710000,11.14,33.99,81.92,81.43,76.81,83.83,-7868.0,0.0,6.25,99.74,2.65,3.66,0.43,6195.07
42389380760000,9.25,76.9,108.09,97.37,84.82,134.73,-7544.93,0.0,0.1,9.39,1.41,0.0,0.02,65.55
42389380810000,9.17,88.4,82.66,60.37,,88.35,-7944.54,0.01,2.26,5.03,0.64,,6.12,12129.65
42389380820000,9.35,92.59,81.17,61.92,,88.25,-7954.26,0.01,3.64,7.41,0.48,,3.86,7172.99
42389380840000,9.56,96.24,78.05,63.33,,88.47,-7963.13,0.02,4.21,15.53,0.42,,2.11,1273.69
42389380860000,10.78,79.57,126.85,113.67,79.39,117.88,-6398.0,0.02,0.44,10.28,3.85,0.79,0.13,1107.85
42389381190000,9.76,113.78,77.3,55.13,56.24,72.15,-7416.73,0.02,56.51,7.87,1.38,26.75,28.96,2277.19
42389381230000,10.13,87.95,97.52,74.63,,91.44,-7837.5,0.05,4.73,21.61,18.2,,0.36,3673.26
42389381270000,9.07,144.12,84.87,57.41,58.92,78.3,-7448.37,0.08,33.63,0.42,3.53,3.8,11.23,691.41
42389381330000,9.22,80.38,110.5,69.5,81.91,108.41,-7918.43,0.04,23.8,0.2,2.07,2.59,0.72,375.94
42389381400000,8.94,148.15,85.35,56.52,58.35,77.89,-7436.61,0.04,30.73,0.46,2.33,5.67,12.65,651.25
42389381420000,9.08,162.51,85.44,56.15,58.47,78.16,-6831.81,0.03,130.95,20.39,9.12,4.23,9.89,2129.29
42389381470000,9.25,79.88,109.84,71.76,82.43,107.93,-7919.94,0.04,23.82,0.18,1.5,2.28,0.76,453.48
42389381700000,10.9,109.39,72.74,60.94,59.73,79.8,-7973.4,0.01,3.28,5.67,1.4,0.35,4.96,39.42
42389381710000,9.31,79.95,109.07,73.97,82.73,107.48,-7923.16,0.04,25.68,0.3,1.35,2.05,0.85,488.12
42389381720000,9.37,79.83,108.25,76.41,83.05,107.0,-7927.27,0.05,27.06,0.4,0.85,1.85,0.87,510.3
42389381730000,9.43,79.84,107.45,78.59,83.38,106.55,-7930.79,0.05,28.35,0.55,0.64,1.64,0.92,522.4
42389381840000,10.57,108.0,71.5,60.66,59.35,79.71,-7959.84,0.02,4.73,1.93,1.69,1.19,5.58,63.27
42389381870000,11.18,110.52,73.83,61.17,60.05,79.81,-7985.7,0.02,2.02,11.65,1.19,0.05,4.26,53.68
42389381890000,11.5,111.5,74.3,61.4,60.64,79.75,-7998.34,0.04,1.17,20.43,1.06,0.12,3.51,90.28
42389381930000,9.44,141.72,102.29,69.15,69.38,87.7,-7927.74,0.06,132.05,2.04,3.74,4.28,16.66,942.9
42389381940000,10.28,69.12,109.98,77.5,88.36,108.92,-7948.43,0.1,2.89,0.76,29.67,1.23,0.31,238.23
42389382010000,9.44,144.99,94.34,63.31,53.45,88.09,-7528.19,0.04,4.24,4.22,12.76,11.18,3.78,3.41
42389382020000,9.46,170.25,78.32,61.14,61.89,82.84,-6921.88,0.11,160.33,7.72,1.07,1.29,3.74,5776.6
42389382220000,6.71,163.21,95.22,48.3,12.85,102.16,-7370.9,0.48,87.18,1.59,57.3,0.24,3.19,41.31
42389382300000,10.67,82.84,88.91,65.02,60.09,76.54,-7661.71,0.01,174.24,41.42,8.29,4.16,7.33,2486.14
42389382320000,10.62,63.14,102.52,87.13,82.85,90.18,-8225.81,0.01,0.38,0.05,0.61,0.51,2.69,29.39
42389382390000,9.86,47.39,119.47,96.73,94.17,121.39,-7990.82,0.12,3.61,10.45,2.09,4.65,2.71,257.18
42389382420000,7.5,50.93,139.95,68.53,66.44,128.58,-6534.07,0.0,0.04,0.16,3.86,1.09,1.47,35.77
42389382440000,9.97,98.09,72.73,64.21,59.28,81.17,-7908.59,0.17,86.72,19.76,2.69,6.5,27.05,13.92
42389382600000,8.79,91.65,130.64,93.39,88.12,127.99,-7766.53,0.08,17.08,7.11,4.62,13.71,0.87,1205.55
42389382620000,8.82,90.1,129.94,93.92,88.14,127.24,-7776.32,0.07,19.67,5.77,4.69,9.46,0.69,1345.35
42389382640000,8.89,90.15,129.07,94.64,88.56,126.75,-7774.83,0.06,18.03,4.12,3.86,6.35,0.39,1138.74
42389382740000,9.77,65.85,108.51,92.43,89.97,110.74,-6557.34,0.01,0.34,0.1,2.29,0.08,0.27,3.91
42389382760000,9.9,115.03,88.85,65.7,62.23,89.05,-7867.35,0.03,3.53,0.57,0.11,1.75,0.45,339.28
42389382790000,9.88,114.08,88.26,65.32,61.8,88.7,-7868.75,0.05,4.98,0.18,0.51,2.86,0.69,211.82
42389382800000,9.93,88.51,85.43,66.52,52.06,70.85,-7528.63,0.0,205.91,0.34,6.53,34.17,68.03,8.37
42389382830000,9.87,112.86,88.03,65.13,61.42,88.65,-7870.38,0.06,6.12,0.07,1.27,3.84,0.9,191.48
42389382950000,9.41,151.34,93.48,68.5,38.04,100.8,-7202.74,0.0,26.21,27.35,0.64,28.13,0.22,466.34
42389382990000,10.78,129.4,77.9,69.53,64.71,90.41,-7968.27,0.0,1.2,2.78,2.38,5.36,11.49,51.95
42389383030000,8.93,125.88,87.56,57.56,63.22,73.58,-7617.04,0.0,17.05,6.18,1.09,0.01,2.72,204.44
42389383050000,11.18,76.03,96.59,88.0,78.29,76.68,-8053.44,0.0,4.07,9.94,3.23,2.92,18.11,3527.32
42389383070000,11.29,55.74,92.64,85.5,75.39,71.1,-8021.58,0.0,3.0,5.95,0.87,1.25,5.16,1285.32
42389383220000,11.24,87.81,134.59,123.07,109.6,134.19,-7143.94,0.01,2.62,0.7,0.2,0.61,0.44,292.13
42389383240000,6.43,152.77,72.26,65.52,60.87,86.65,-6840.7,3.07,48.81,1.13,2.03,0.34,0.21,13.09
42389383330000,9.64,189.65,103.84,52.43,62.76,85.13,-7137.27,0.12,3.47,8.66,0.55,1.95,30.85,76.17
42389383390000,6.46,170.0,100.9,66.1,60.61,72.77,-7675.98,2.39,47.26,2.6,0.02,0.0,3.42,1264.6
42389383640000,8.59,102.63,85.47,53.59,46.77,95.0,-6767.59,0.01,270.84,3.84,4.26,10.42,0.25,784.58
42389383700000,10.62,94.46,110.73,95.15,81.51,111.59,-7064.89,0.01,0.35,1.9,5.75,3.86,3.03,5.45
42389383760000,11.16,90.91,95.45,88.13,78.35,76.16,-8011.52,0.0,22.09,5.76,2.9,1.55,9.58,2646.67
42389383780000,11.18,83.63,95.39,87.75,77.98,75.62,-8026.0,0.0,9.41,6.64,2.63,1.78,10.48,2598.06
42389384040000,10.55,97.47,87.48,64.56,63.97,84.22,-7874.28,0.04,165.56,2.32,5.03,0.6,2.27,293.41
42389384270000,11.36,81.02,80.79,68.01,66.53,80.37,-7779.19,0.18,23.66,1.23,0.8,1.28,0.47,392.4
42389384280000,11.0,107.47,74.58,65.85,64.6,86.45,-7226.27,0.06,2.51,0.08,4.09,0.26,0.37,1190.68
42389384300000,11.25,61.94,80.73,79.72,29.83,92.34,-7003.59,0.03,6.89,25.21,2.54,27.1,0.25,2056.08
42389384300100,11.26,62.44,80.17,79.82,29.39,92.33,-7008.48,0.03,5.95,22.26,2.6,24.56,0.25,1674.01
42389384360000,10.0,99.24,110.4,74.62,71.72,99.17,-7287.09,0.01,0.21,3.21,0.16,0.07,3.31,9.86
42389384370000,9.77,100.89,113.41,73.9,72.26,103.29,-7305.12,0.08,1.79,9.12,0.89,0.54,17.37,246.7
42389384380000,9.77,103.55,113.45,74.07,72.34,104.17,-7316.0,0.08,2.27,7.54,0.78,0.61,17.54,326.48
42389384420000,9.95,111.85,88.11,65.81,61.69,88.44,-7869.19,0.05,4.61,0.21,1.56,3.25,0.63,135.13
42389384430000,10.0,111.67,88.39,66.73,61.81,88.44,-7873.71,0.03,3.69,0.57,1.64,3.08,0.32,132.26
42389384550000,9.95,101.82,71.9,63.45,58.43,81.94,-7917.35,0.08,65.71,20.48,2.73,4.71,24.25,23.96
42389384560000,9.95,103.9,71.4,62.64,58.21,82.0,-7925.91,0.04,44.87,20.46,3.54,3.55,20.66,40.45
42389384640000,9.83,78.28,84.94,63.99,46.04,60.56,-7497.39,0.0,92.07,2.75,9.21,31.64,157.4,465.57
42389384650000,7.6,94.73,69.28,31.61,44.17,69.37,-6576.22,0.02,166.22,17.43,25.22,69.17,107.81,2273.64
42389384700000,10.4,59.05,86.44,71.88,64.61,84.22,-7653.25,0.0,78.29,0.27,1.28,1.48,1.37,880.67
42389384710000,10.44,135.44,86.3,65.83,58.37,84.74,-7598.5,0.18,72.07,0.97,13.17,1.18,1.62,121.15
42389384770100,9.09,85.34,129.37,97.36,84.2,136.0,-7723.6,0.0,0.03,3.79,0.01,0.24,0.07,470.21
42389384790000,9.14,84.65,128.25,97.93,84.3,135.94,-7707.42,0.0,0.03,5.73,0.02,0.24,0.05,480.67
42389384800000,9.03,86.61,121.47,96.41,87.86,134.91,-7622.14,0.0,0.3,7.03,0.78,0.58,0.12,887.28
42389384840000,10.51,134.31,85.63,65.63,58.58,84.67,-7610.15,0.26,59.2,0.42,16.1,1.22,0.98,134.76
42389384850000,10.54,133.58,84.93,65.9,58.91,84.74,-7622.31,0.32,50.71,0.07,18.33,1.04,0.45,267.53
42389384860100,10.56,133.91,84.86,66.1,59.2,84.75,-7631.2,0.22,39.35,0.31,14.19,0.57,0.11,417.27
42389384880000,9.8,126.48,90.89,76.31,74.74,99.17,-7117.96,0.04,114.41,0.48,0.41,1.45,6.97,7724.82
42389384890000,9.66,125.51,89.45,74.61,73.62,98.88,-7083.31,0.07,159.94,2.09,2.78,4.02,14.55,10434.87
42389385060000,8.5,55.14,147.53,100.21,87.74,125.87,-6615.2,0.04,0.2,1.68,30.24,31.47,4.6,272.41
42389385070000,8.5,54.79,147.1,100.2,88.08,125.02,-6594.87,0.04,0.14,2.1,31.18,31.57,6.04,309.31
42389385090000,8.51,54.46,146.67,100.24,88.43,124.15,-6577.35,0.04,0.1,2.5,32.48,32.11,7.95,344.87
42389385130000,9.92,129.41,81.56,73.45,30.96,99.27,-7186.17,0.04,8.91,21.9,2.45,37.37,0.05,160.81
42389385150000,9.25,54.32,84.92,62.47,45.27,75.97,-7469.62,0.01,208.69,1.58,4.17,0.94,151.64,1006.75
42389385170000,9.46,120.07,105.43,75.95,76.46,105.64,-7782.27,0.01,56.99,4.09,2.08,1.23,1.7,252.04
42389385370000,8.63,47.76,139.17,88.57,83.87,126.82,-6315.92,0.01,0.28,1.94,5.99,4.02,0.85,165.63
42389385450000,7.31,103.35,70.02,41.86,57.75,76.8,-6467.11,0.12,120.37,9.75,8.34,20.18,41.94,59.82
42389385510000,10.5,81.66,103.28,93.29,85.03,102.01,-7991.49,0.03,28.95,0.66,0.3,0.44,0.94,277.93
42389385520000,10.65,81.34,103.18,94.54,85.22,101.6,-8002.05,0.03,30.54,0.68,0.36,0.46,1.11,218.19
42389385530000,10.78,81.8,102.86,95.27,85.13,100.78,-8012.52,0.02,24.05,0.5,0.31,0.32,0.96,153.22
42389385590000,11.26,80.21,80.66,67.11,65.88,80.06,-7786.0,0.08,23.56,0.63,0.81,0.14,1.7,319.61
42389385820000,10.59,99.22,87.42,65.12,65.17,85.12,-7886.05,0.04,199.03,1.95,4.98,0.52,4.59,278.77
42389385880000,10.37,151.64,87.3,64.38,62.13,77.73,-7789.29,3.54,1.41,50.76,135.25,1.68,9.21,1300.58
42389386010000,9.4,91.46,113.37,69.75,66.99,97.88,-7033.72,0.01,15.64,1.15,0.33,0.81,1.39,215.57
42389386030000,10.59,133.32,84.78,66.45,59.53,84.7,-7636.84,0.19,34.17,0.85,14.55,0.49,0.02,714.23
42389386040100,9.18,126.82,85.65,59.45,61.97,77.15,-7527.81,0.03,0.9,5.04,0.78,0.68,3.61,469.87
42389386060100,10.71,135.04,84.53,68.24,59.65,84.33,-7637.82,0.09,8.51,0.12,9.27,0.34,0.06,399.25
42389386070000,10.58,133.45,84.52,66.99,60.4,84.35,-7650.6,0.04,25.48,1.85,6.33,0.27,0.62,735.16
42389386080000,10.56,133.82,84.59,66.95,60.91,84.51,-7666.56,0.0,24.22,2.54,2.26,0.21,1.68,553.32
42389386090000,10.56,133.72,84.63,67.66,61.37,85.22,-7676.77,0.01,20.85,2.92,0.78,0.18,2.88,390.93
42389386120000,9.58,62.14,142.99,116.42,106.14,145.14,-7191.19,0.0,0.86,0.53,0.0,0.56,0.13,80.75
42389386160000,9.58,61.75,143.25,116.57,107.11,145.26,-7225.42,0.0,0.86,0.47,0.0,0.56,0.13,114.6
42389386370000,8.75,47.95,138.87,89.37,84.18,123.88,-6287.65,0.01,0.13,1.89,4.55,3.19,1.55,85.73
42389386440000,8.5,49.1,138.65,90.81,85.31,128.61,-6352.22,0.07,1.35,1.06,44.05,28.3,29.51,473.39
42389386590000,10.76,86.06,85.17,65.63,61.88,77.94,-7675.04,0.01,169.84,41.83,9.64,0.85,3.95,2805.25
42389386830000,11.66,169.67,109.09,84.7,71.73,109.29,-7473.19,0.15,50.11,16.08,0.18,0.04,5.55,997.48
42389386840000,11.64,169.66,109.18,84.76,71.88,109.88,-7492.43,0.14,47.63,15.18,0.16,0.05,5.08,861.49
42389386850000,11.64,169.87,109.13,84.82,72.03,110.34,-7508.63,0.13,45.26,14.6,0.14,0.06,4.69,772.32
42389386940000,10.64,100.8,86.91,65.76,66.46,85.14,-7898.99,0.01,186.87,1.59,2.71,0.51,4.07,186.32
42389387010000,10.03,145.99,92.28,73.7,62.71,91.93,-7841.89,0.51,91.31,17.77,18.41,7.15,4.49,1342.52
42389387110000,9.81,72.33,110.06,73.39,71.07,94.44,-7084.31,0.02,25.67,4.29,1.32,0.32,3.48,19.12
42389387130000,9.15,79.9,108.87,96.94,86.22,135.53,-7569.2,0.0,0.0,13.1,1.44,0.03,0.04,157.9
42389387270000,10.71,84.26,87.04,65.31,60.96,77.31,-7668.96,0.01,173.99,44.11,8.79,2.02,5.23,2657.17
42389387700000,10.69,85.46,129.85,112.24,95.46,130.6,-7255.55,0.0,0.91,5.23,5.39,7.25,2.19,497.48
42389387710000,10.59,84.58,130.55,111.69,94.85,131.41,-7293.75,0.0,0.87,4.73,4.81,6.86,1.64,511.52
42389387730000,10.88,81.89,102.6,95.77,85.06,100.05,-8022.69,0.02,17.23,0.35,0.3,0.23,0.79,104.93
42389387840100,7.65,93.84,80.0,41.04,35.98,96.52,-6752.92,0.12,385.35,21.42,24.8,32.78,2.12,604.15
42389387980000,11.63,56.86,91.94,86.15,75.73,89.51,-7902.66,0.14,5.43,2.89,9.48,0.92,0.55,3677.77
42389388100000,9.47,65.25,139.39,111.2,95.79,141.39,-6943.15,0.0,0.98,0.71,0.25,0.92,0.1,20.4
42389388160000,10.76,70.29,79.65,64.07,,66.1,-8066.47,0.02,7.3,26.94,5.6,,12.51,7.11
42389388180000,10.71,66.46,80.99,62.02,,64.86,-8060.62,0.03,9.86,22.03,9.86,,14.91,25.8
42389388200000,10.79,64.21,83.4,62.5,,64.19,-8054.72,0.02,8.01,24.91,7.08,,17.0,52.02
42389388320000,10.19,81.69,93.24,69.78,,91.73,-7718.18,0.19,52.33,0.1,12.39,,0.09,123.7
42389388360000,10.22,80.95,93.77,70.38,,92.56,-7719.61,0.23,48.67,0.13,15.22,,0.13,175.25
42389388380000,10.99,69.52,102.0,90.84,82.58,89.13,-8180.27,0.0,0.63,0.24,0.02,0.59,4.05,132.99
42389388390000,3.65,151.62,86.83,24.87,68.71,88.05,-7891.57,1.38,3.18,2.0,80.71,0.78,2.01,119.34
42389388710000,10.17,82.6,92.74,69.37,,90.85,-7715.35,0.14,56.28,0.08,8.87,,0.1,75.32
42389388730000,10.6,72.5,114.18,106.0,90.84,115.96,-6542.63,0.01,2.43,1.38,2.81,0.01,0.73,6.68
42389388750000,11.48,74.68,74.66,63.15,61.87,61.36,-6859.6,0.12,119.04,0.49,0.65,1.03,20.83,3068.33
42389388790000,11.46,168.49,106.57,83.73,72.97,111.87,-7626.0,0.02,11.2,4.03,0.03,0.06,0.99,75.56
42389388870000,10.22,83.35,91.68,69.23,,89.16,-7709.83,0.08,79.95,0.02,4.64,,0.23,12.28
42389388890000,10.18,83.13,92.22,69.18,,90.0,-7712.3,0.11,66.03,0.05,6.36,,0.15,31.99
42389389010000,4.71,149.99,85.34,30.7,69.01,87.27,-7903.32,0.47,1.77,1.34,28.27,0.19,2.48,70.61
42389389030100,10.2,83.54,129.02,106.97,89.44,131.97,-7380.79,0.01,0.08,3.42,3.17,4.56,0.57,3.57
42389389490000,4.12,150.5,86.11,27.52,68.88,87.77,-7897.27,0.79,3.07,1.96,50.87,0.55,3.29,104.32
42389389690000,8.62,48.72,139.3,91.72,86.4,129.04,-6332.19,0.06,1.42,0.94,36.11,22.34,29.97,464.64
42389389710000,9.06,94.52,112.11,64.49,76.7,109.74,-7864.02,0.0,33.46,1.96,18.94,0.08,1.05,966.11
42389389920000,9.06,93.44,111.74,65.72,77.37,109.05,-7861.67,0.0,31.73,2.02,17.28,0.07,1.07,979.28
42389389970000,11.19,37.03,80.2,81.79,75.15,78.66,-7878.22,0.01,9.01,66.54,3.78,4.31,0.64,7682.86
42389390040000,11.26,40.17,82.71,82.52,73.76,72.54,-7903.12,0.01,14.14,46.36,4.3,3.39,3.97,8609.19
42389390370000,11.3,49.66,92.31,85.33,75.14,70.79,-8017.97,0.0,8.17,7.97,0.87,1.53,6.31,1607.6
42389390370100,11.3,46.76,86.62,83.46,73.06,68.4,-7937.22,0.01,15.81,37.19,5.13,3.37,10.19,10421.83
42389390410000,10.71,109.58,89.28,63.35,63.59,78.05,-7621.42,0.01,37.88,14.02,3.43,0.02,0.25,523.74
42389390410100,10.49,115.3,96.2,58.72,63.73,77.02,-7580.67,0.28,34.82,21.68,20.18,0.07,0.91,1644.65
42389390480000,10.62,87.9,78.62,69.65,60.56,80.97,-7730.97,0.01,39.19,1.29,0.2,1.43,0.11,570.32
42389390490000,10.42,93.43,78.33,69.87,59.18,80.67,-7726.69,0.0,58.2,1.67,0.23,1.72,0.25,605.07
42389390810000,11.14,95.04,132.5,117.93,108.22,133.1,-6862.42,0.02,3.62,2.56,0.86,0.63,0.27,31.83
42389390840000,10.8,94.79,132.85,111.54,103.29,133.17,-6777.79,0.06,6.47,2.79,8.93,1.16,0.32,89.58
42389390960000,9.28,119.21,118.02,81.46,76.85,122.87,-7499.36,0.06,45.88,4.75,0.79,7.23,7.5,204.37
42389391040000,9.57,131.27,87.09,71.78,72.72,99.69,-7071.9,0.1,113.17,4.45,7.12,5.13,11.52,9341.72
42389391460000,9.42,118.79,104.26,76.9,77.36,104.53,-7778.77,0.01,64.54,4.46,1.35,1.75,1.69,290.31
42389391510000,9.4,117.63,103.6,77.62,78.09,103.87,-7776.73,0.01,73.61,5.42,1.0,2.21,1.98,319.81
42389391730000,10.5,123.82,92.0,60.54,65.35,78.49,-7591.09,0.14,20.97,26.02,22.12,0.21,0.96,1079.88
42389391730100,10.5,122.75,92.57,60.29,65.3,78.34,-7588.98,0.17,22.11,26.51,23.79,0.18,1.04,1176.12
42389391840000,13.31,62.56,102.08,110.76,104.14,108.31,-8072.77,0.01,6.46,1.96,0.06,0.33,0.72,232.22
42389392040000,8.98,76.07,135.41,94.14,84.78,134.32,-7884.39,0.0,2.74,0.18,0.59,0.92,0.02,52.9
42389392230000,9.03,53.77,152.29,114.8,104.36,125.81,-6728.95,0.03,1.52,3.19,21.49,39.76,0.47,305.73
42389392540000,9.76,128.34,113.92,83.41,76.54,121.17,-7656.19,0.04,52.26,1.23,0.87,4.22,1.34,233.77
42389392580000,10.36,111.93,85.78,74.44,56.45,84.16,-7787.08,0.11,356.59,105.45,7.85,22.05,27.95,4760.87
42389392750000,9.27,51.69,151.84,117.28,108.58,110.45,-6531.18,0.05,0.31,15.41,38.43,48.46,25.31,2090.3
42389393730000,11.39,92.4,131.09,121.92,109.14,131.9,-7046.09,0.0,0.64,0.96,0.35,0.76,0.42,828.31
42475365380000,13.83,106.6,92.95,90.93,,86.7,-8309.44,0.03,0.49,1.04,0.45,,2.89,127.75
42475365710000,14.18,68.62,100.82,105.72,86.83,101.2,-8355.42,0.01,0.2,0.04,0.07,0.34,0.08,215.5
42475367520100,13.47,79.93,93.84,92.99,84.38,73.9,-8372.08,0.0,1.7,0.24,0.0,0.0,0.02,396.21
42475368690100,12.46,75.84,82.89,86.11,78.77,78.37,-8048.43,0.02,0.71,0.42,0.77,0.16,0.14,172.6
42475369250100,11.09,81.07,84.76,75.4,76.43,74.88,-8166.54,0.0,17.43,1.02,0.25,0.39,16.89,369.73
42475369520000,8.43,132.16,78.94,58.39,70.9,93.59,-7948.9,0.33,67.52,1.74,23.38,0.78,1.22,579.48
42475369700000,9.92,131.3,81.11,66.54,69.69,94.87,-7935.25,0.08,57.27,4.35,9.7,1.27,2.25,290.33
42475370140000,12.8,106.51,90.48,85.55,,84.04,-8319.0,0.02,0.04,0.56,0.64,,0.35,4.05
42475370160000,11.26,100.18,78.32,75.74,72.77,87.83,-8022.69,0.0,51.64,0.42,0.14,1.11,15.03,286.36
42475370210000,13.4,59.06,88.52,92.35,80.14,85.35,-8071.92,0.01,0.34,0.02,0.39,0.17,0.15,331.96
42475370290000,14.04,62.44,100.89,102.32,88.09,98.11,-8441.31,0.02,0.24,0.26,2.56,0.31,0.13,265.29
42475370490000,12.37,55.85,99.25,95.18,85.99,88.82,-8456.91,0.16,2.32,0.21,0.24,0.24,27.52,676.6
42475370830100,14.25,49.6,101.91,100.13,84.07,97.98,-8349.22,0.01,0.7,0.64,0.02,0.33,0.03,1255.45
42475371860000,11.62,20.0,89.77,78.37,,20.19,-8446.41,0.0,10.85,0.13,0.79,,39.01,363.56
42475372100000,12.22,108.32,85.81,82.41,,81.14,-8295.21,0.03,1.25,3.64,1.0,,0.54,67.66
42475373290000,12.66,105.94,90.44,84.75,,83.89,-8327.66,0.04,0.02,0.54,1.16,,0.35,6.26
42475373300100,12.55,104.77,90.53,84.12,,83.8,-8337.11,0.04,0.1,0.39,1.17,,0.36,15.12
42475373420000,11.81,106.72,86.72,79.66,,83.32,-8334.02,0.03,0.73,2.29,1.0,,0.14,79.7
42475374080000,10.3,131.57,82.63,68.53,69.11,95.22,-7935.7,0.04,42.4,6.91,6.16,1.69,3.06,137.78
42475374250000,10.67,85.63,83.15,72.13,,78.33,-8328.74,0.01,9.07,1.27,0.47,,21.21,269.26
42475374470000,10.15,130.85,82.42,67.92,69.54,95.15,-7935.93,0.07,63.35,7.8,8.9,1.78,2.61,314.83
42475374510000,12.94,54.03,90.05,90.17,77.29,84.4,-7929.78,0.08,0.28,0.24,2.78,0.77,4.17,1153.94
42475376500000,11.26,12.97,86.07,75.18,,7.11,-8405.18,0.0,11.59,2.56,0.26,,22.79,1628.02
42475376720100,13.08,89.87,75.11,89.09,82.71,74.16,-8210.25,0.04,1.05,14.06,1.26,0.12,0.19,235.36
42475376860000,13.9,99.2,93.8,92.16,,82.48,-8299.08,0.06,1.71,2.99,0.75,,6.76,247.39
42475376880000,11.1,95.4,82.58,76.08,74.28,87.66,-8103.74,0.0,12.74,16.21,0.01,0.37,4.58,927.79
42475376900000,13.68,87.97,92.93,92.63,,76.46,-8317.64,0.01,3.12,2.1,0.06,,4.62,1110.28
42475377280000,12.9,55.08,90.09,89.78,77.37,83.98,-7939.47,0.08,0.43,0.29,2.81,0.77,4.12,1263.66
42475379180000,13.36,74.68,85.57,92.4,83.81,73.01,-8234.82,0.0,0.91,13.82,0.3,0.28,0.95,1436.4
42475379490000,13.34,76.74,84.23,92.0,83.72,73.06,-8227.35,0.01,0.67,18.55,0.5,0.29,0.88,1154.66
42475379700000,13.34,67.66,83.94,92.28,82.5,78.06,-8206.25,0.0,0.4,2.9,0.33,0.37,0.8,1009.93
42475379700100,13.32,68.02,86.48,92.86,83.19,77.01,-8244.09,0.0,0.45,12.07,0.46,0.94,3.16,3931.87
42475379760000,11.07,27.22,88.31,75.02,,27.62,-8447.81,0.01,42.37,0.1,1.3,,69.97,47.91
42475381260000,12.86,81.32,76.35,88.29,81.1,76.01,-8147.19,0.03,1.77,0.42,1.38,0.51,0.2,788.63
42475381670000,13.33,52.28,93.2,95.88,78.04,91.29,-8066.04,0.16,0.85,1.0,7.0,1.43,3.35,3704.88
42475381870000,10.3,100.72,83.12,72.71,75.41,86.26,-8141.2,0.24,20.32,7.83,8.75,1.6,14.86,1694.14
